feature_0,feature_1,feature_2,feature_3,feature_4,target
0.6536779205766832,0.43991333076551,0.9304286296267458,0.49521900673504915,0.4248718091022232,0
0.4425381109509443,0.6136683121593695,0.7700123034987677,0.1982393718490274,0.527990212544818,1
0.1455158564651834,0.4752261193587435,0.579444029331859,0.5047362248858888,0.008229070910580005,0
0.40309799537661506,0.0983005696308018,0.7499115941437402,0.5998999905275199,0.9079275231432442,1
0.004218148482658002,0.3676664701479203,0.1342506565096987,0.9532937785816685,0.16863592700003438,0
0.7806811454369965,0.8450702695385212,0.5411502169156002,0.8904357518084306,0.30741061797988756,1
0.8244800167957325,0.8657114137648831,0.29951523031462024,0.027404923978069595,0.9692611541385495,1
0.6391050420562419,0.40660380666664564,0.708989759053863,0.03158814620025008,0.34581640992206875,1
0.48159451125907193,0.02115613536156513,0.1399040540849581,0.7398566701521139,0.9661661264727629,1
0.7668552208288731,0.5813340819372689,0.039323770884812204,0.38891420900802054,0.9328955268380198,1
0.1102487765377147,0.9060524693372503,0.9211453098492705,0.8452310221091623,0.7322711556848595,0
0.3035557593267928,0.06260449434672943,0.0350354723328149,0.4815025656141997,0.9598101808602815,0
0.712000168279799,0.47174858215251114,0.45131405646289746,0.590479259305494,0.027039677320843003,0
0.8116752908052665,0.9315632331389572,0.686078919542176,0.9145125574226692,0.6167983577617842,0
0.6318510799141106,0.805329474973495,0.4151068200678508,0.917844199785583,0.8574532120429866,0
0.2048508737844611,0.25606147837982385,0.846048966377139,0.08541552054898593,0.5539547321221341,1
0.2732885410884306,0.2071766146717514,0.927885136894588,0.5296436594758177,0.51898079113411,1
0.20413883851503134,0.29886316667180035,0.21687985123099063,0.46701412667849906,0.27681247724903446,0
0.7496708058587926,0.3847817307453325,0.512331509067053,0.08527721251987685,0.536986552566544,0
0.562941621911263,0.30219246467051264,0.2181827840112298,0.1114734105234485,0.30131428992083986,0
0.936634900500336,0.4029310102564265,0.797838218727953,0.5179451653341833,0.9115169695399958,1
0.9775582055991253,0.12162350877801853,0.01365215095695127,0.9714595475590567,0.6000876545127133,0
0.40483259810366645,0.9830792230501635,0.2021474846763457,0.8203098447746839,0.15757967044019017,1
0.14567446060590283,0.6993681157542109,0.629055127718971,0.8841572944377283,0.13308453267169573,0
0.48577427876064305,0.8298643861995042,0.14232175883971432,0.6263262228009703,0.647460633179207,1
0.31782149678277216,0.639582547126878,0.7986419598379754,0.6451762974052374,0.7813511347616238,0
0.020314692886183594,0.8649674742448036,0.7212372109134295,0.9875217267369978,0.0708788528244203,0
0.7451782007547928,0.10765164785587966,0.9900808316514449,0.8222623383779403,0.0641268695064302,1
0.020189156573995892,0.2927812428884916,0.27212112420940593,0.9017180565119297,0.3113051037625746,0
0.8732858637140001,0.8139337379471286,0.5382858247015542,0.013836552266315083,0.7241131966776748,1
0.36439152663111396,0.9405096918386743,0.060887083921142615,0.3533751032864134,0.07940244868657687,0
0.911436412658708,0.8621084136428645,0.9718586724218121,0.8165261051455144,0.5179217360513281,0
0.11989229714231453,0.7275886103204845,0.3122962228245888,0.818694561054374,0.4037182997388754,0
0.7932433502070546,0.7538865282706971,0.4290803592503747,0.3136126444416176,0.8378653453638707,1
0.6197086476186983,0.8961404695483606,0.20130903154130342,0.0774961341108128,0.16192270410676268,1
0.30300596716028527,0.5685200859962228,0.9612383104514479,0.4079385998264824,0.3016038405512579,0
0.6199075592700147,0.641418724719955,0.5880787404117335,0.8668562795405864,0.7769107853037216,0
0.7201934902890713,0.3229288605577869,0.8985737605168266,0.23241722668588483,0.49772859502361333,1
0.19733795412885557,0.5431207572780475,0.9753441740437897,0.014111080426213896,0.14523414414905234,0
0.36379350688917644,0.7914193961922394,0.03836750902631425,0.8994626338668614,0.4715773726912478,1
0.6686592062927685,0.4902088662191937,0.3834209969832655,0.32339883742164155,0.45822743378160313,0
0.6078242404404023,0.8020426955540504,0.8485272916998008,0.7239482936347196,0.8545208097112904,0
0.851339211328326,0.9612864090776253,0.8915670802950024,0.8290128241097401,0.14073751270709778,0
0.0013282839883216324,0.2705766038714217,0.20926195297657058,0.6491281002689573,0.95178642304759,1
0.5507736400909516,0.8282792587653411,0.8835453875233845,0.7720677099117536,0.3439250539903844,1
0.46761188627112504,0.9634366207290032,0.3143214656030492,0.9604257531353804,0.6806087582984026,1
0.23166585540058338,0.310639513460482,0.9903995854201952,0.8412529260877994,0.06168935554402666,1
0.32673336942005393,0.7864221118549816,0.12045565628001376,0.565965055336241,0.8067429945614062,0
0.8691911197004135,0.4808642807516088,0.4195194114895049,0.6486165768815906,0.8566030738847689,0
0.9612284778119211,0.1732123573027482,0.423818574953003,0.42073237979946887,0.5938166485416785,0
0.8254653758031132,0.2970911307712383,0.39982388460062757,0.003373438897915859,0.9411860197352182,1
0.42093255445000355,0.9418147659191549,0.18320739169922107,0.8651903763080011,0.7616047480424173,0
0.3327470724549707,0.35085911999064934,0.4302258758697788,0.5309345523537216,0.9799800699536345,1
0.7602046275583882,0.29535079325680913,0.2688191142377355,0.2587327000077222,0.4736492739853835,1
0.8898660039362517,0.5984992542458795,0.43213730246955484,0.7384041796117095,0.6129538004203922,0
0.8015889632582878,0.7670360629809817,0.7640533227651453,0.3423270788089664,0.9086459840859606,1
0.9483067308130866,0.5491678298593389,0.4026719598972909,0.38690997356532053,0.41286081066322255,1
0.614875033306235,0.07635270177621156,0.7366059192378172,0.41342739496878245,0.20451655907470312,1
0.6031356997491963,0.8909476306935641,0.901812594188296,0.3043870394084014,0.7603075517542771,0
0.6001783854100904,0.5565866630532823,0.14962435674756658,0.30450240333806555,0.6684799708346383,0
0.2495838918000246,0.023691688361446084,0.9120496665617547,0.7562669119220384,0.4764546611912286,1
0.039299893483786597,0.15171591413649266,0.27001390912719736,0.3136370032650202,0.11776542575054272,1
0.11315725943961352,0.036419030116186635,0.9559486483291852,0.3301933417062426,0.7593341425969594,0
0.7365244049820417,0.3671444120326538,0.8546667064118991,0.6594227883135854,0.9189291786427027,0
0.8421676549442935,0.3738424774257131,0.23786270150614153,0.8795385209665073,0.022153604971556495,1
0.8865081297177466,0.49291708865532147,0.13829836557656683,0.31790679452767434,0.18250051160265457,1
0.9594031815030065,0.9840004680916479,0.6822062398554143,0.837363369606504,0.6109358423253276,1
0.8348783102964513,0.9889865763407276,0.26781920245034607,0.337307987913818,0.4731387989488821,0
0.9889377621464089,0.4107664905798515,0.27303011789387754,0.11082141510187571,0.9287880193631396,0
0.9735057420223526,0.2578714648101178,0.4802483006606254,0.015653131245074725,0.5250680492322782,0
0.5681573842808081,0.7081420892229271,0.776989285219947,0.9070690571860276,0.9339979292114649,0
0.16555944815492374,0.4878827778059103,0.4309048415444112,0.4417232923996167,0.40660776501888674,1
0.47222832020060035,0.4201262342923606,0.839499670644938,0.8139819694021947,0.5653609863135184,0
0.2710151100856918,0.4157593990927796,0.5540469627395059,0.9894383329309796,0.6921379529594736,0
0.12892909995152235,0.019396856710426014,0.24180128101187404,0.12033593803912213,0.0020873831108065843,1
0.2923505762314794,0.019685237404291733,0.03681544917358848,0.3027037961967487,0.7662570881524,0
0.3929586004510698,0.9089661903697976,0.42831524505375884,0.2161959385918547,0.28839624466125,0
0.11964161584049005,0.8402134607642555,0.8993083679910348,0.03892897012855978,0.07852083294474599,0
0.8757150719474778,0.7024504141212281,0.053701253506959645,0.4921856033289669,0.32167865749369473,0
0.9431645787087641,0.0892410948857274,0.8176167103476674,0.3408397689792696,0.7038804981646588,1
0.7329400080487772,0.741091516487893,0.8051972384474191,0.47549294828831246,0.5929482775776262,0
0.16384415158287746,0.18763666821423552,0.1887486834190425,0.2866612117208194,0.26633935581361,1
0.07528377186339108,0.423938964995482,0.9633471244560693,0.15797671678552727,0.49940154819722016,1
0.8542659851534585,0.4282506332021341,0.402519740150708,0.06375684457116026,0.3008391967195839,1
0.024831292419308593,0.2521398450002288,0.9953431953550236,0.043244929756599104,0.725964004619216,0
0.7856350838656646,0.40166600150783105,0.15637332836535667,0.18113435808656808,0.3007124090457275,1
0.7151134438369008,0.5383553833894792,0.6818596188957897,0.41158908885718415,0.893172411253922,1
0.25878708962100194,0.19674299196825884,0.14004477207685917,0.46791460354433057,0.6296671785381184,0
0.5086401205532824,0.39071345397086266,0.5210952351463495,0.20453073213433115,0.41156694738496546,1
0.9092776959054375,0.5339285838512523,0.9725453803097096,0.8524843326171664,0.6114559595053151,1
0.7001535811757895,0.6015262809004701,0.8237702263347201,0.44986881423079905,0.1644780152248848,0
0.5004166063980622,0.033869341157786614,0.846962822456265,0.15709536784541656,0.07294279662692349,0
0.8067982990602979,0.6607477334413598,0.6641176296070229,0.05526550132241659,0.4421617572774579,0
0.21033411332992535,0.9804799418574408,0.8014643324940995,0.5286617548734739,0.12690137215817177,0
0.5949979285367339,0.6241303554084219,0.005935293586811996,0.8280407442368213,0.9967768624756104,1
0.765870581006846,0.9123585680116262,0.8558879065312293,0.5060520713496809,0.35164898141226253,1
0.07771508311646957,0.15659146550108993,0.6644583014798352,0.09494331034042591,0.3730887322310732,0
0.9432306837238268,0.6082459285099622,0.9227597171903211,0.6140117897778302,0.0031277251478509793,0
0.5681756676784588,0.44409903666633455,0.31084996673278253,0.5720442237197318,0.08911871896496348,1
0.2534479642725459,0.10299646670757434,0.7721880614325645,0.8278986697107555,0.20015342873866293,1
0.6356803644704363,0.8107617004052551,0.48841921738525707,0.15048443475151307,0.09868562828938454,1
0.10154898363781306,0.992985051068274,0.8050032821241087,0.5913878607819202,0.31046633349430175,0
0.20948040732805118,0.43822561305155583,0.9615494580606352,0.5298599645343796,0.6771776788865718,0
0.20797798593411387,0.1460654075489125,0.3728612771847194,0.0722520944919205,0.3229283173928231,0
0.012853216088840713,0.05532828612575402,0.095484600259089,0.14631271314273997,0.08488173975790791,0
0.548248010531278,0.7411377811279511,0.43012458199597103,0.8838186727525037,0.7586310532224269,0
0.3034033806532538,0.6065343628162049,0.37038879236562683,0.9361975931345736,0.43527761957905453,0
0.11170078305945375,0.7814602155069186,0.4875324842541502,0.7757749819051667,0.98582296244921,0
0.29326326301775174,0.01737025090598643,0.4262543680548625,0.5015734694553895,0.37725797786870496,1
0.865511014041975,0.1980482787913317,0.6202911063023657,0.4671841229525461,0.2559614971560761,0
0.3986498350095221,0.49754858820765013,0.5888490256346174,0.9457465840883466,0.15980627421291171,0
0.41363619923679895,0.33890863662969084,0.08933059599355697,0.10667572169302952,0.29005300731218076,0
0.3374665429278987,0.7469460994436369,0.4815844339923524,0.4556865989724118,0.8570788452901937,0
0.2465681950402484,0.6274549828295093,0.417066512763416,0.612083168783115,0.47652268724768254,0
0.5702360281638463,0.9971686377732478,0.45849648581972935,0.5735188337325364,0.12001793393193294,0
0.6666566045355379,0.07050057318689662,0.08024263232125273,0.23889565651162015,0.9201779117568432,0
0.06648516163904272,0.7594043771753601,0.6708837950136097,0.4217934700616329,0.0548812398497629,0
0.7605462374514245,0.852212376319032,0.603385228989844,0.4072051970426659,0.39058631388954934,0
0.5645581883195175,0.4828181945833063,0.8841651023273479,0.7108945076396763,0.37131493908553104,0
0.1103635373628662,0.8233926247625294,0.4404163424742258,0.8974187530630837,0.39066114857005296,0
0.6913211175729941,0.6335650186907628,0.07182591569153196,0.40749505484131743,0.3989703387146333,0
0.948349581625174,0.28020712564250316,0.46312440150802636,0.7247638560730378,0.895513160167349,0
0.3572534277202757,0.0204128749682031,0.06738723332209873,0.32026590007457634,0.6277028300435126,0
0.24347692433961843,0.9628786382444143,0.534188186182442,0.8022117620625052,0.305502771968051,0
0.2924047904279585,0.7182557749408855,0.11209098800686135,0.046825567132633195,0.4112049759967613,0
0.7413459528020293,0.6303977835074535,0.964045841935677,0.22464758298996956,0.10998549044033923,0
0.9914877809108954,0.8605853670523574,0.9658293533777267,0.34394973389842287,0.832201433630852,0
0.4417680326419844,0.41844284254813224,0.9376142696535601,0.5836475891267878,0.32645439379508356,0
0.0925438996293988,0.4096302123510973,0.11134624043111063,0.7233567905793375,0.6997930778454688,0
0.24506558426464553,0.2740987664788028,0.14422096619769342,0.3489616390463651,0.5513754799761246,0
0.978768734611516,0.5440694323282236,0.2903755709042871,0.577013755754262,0.3017741010557268,1
0.8586501762812901,0.457678463763751,0.45708921242688016,0.9598146625129084,0.8282564094677901,1
0.6212359097824683,0.08269680952886715,0.9064933686584797,0.28542829381895585,0.04411979128427035,1
0.08145047963003427,0.6539688206824512,0.006071159028200546,0.5151828947117741,0.11851901514153773,0
0.951123743786855,0.021447654934286242,0.2178930477320733,0.35550281516733684,0.6186588639393712,1
0.44314298918756556,0.28135386475543833,0.6859555559493145,0.9304962697802052,0.21095396637538133,1
0.5776847960328775,0.04854226889203028,0.5866219965933005,0.5879880230469452,0.3266035095307468,0
0.8865133957811551,0.7569271068401223,0.3487415323677977,0.5488734028713922,0.33461160238697596,1
0.22207322020369746,0.32438752326802867,0.06223954766256734,0.35866919621353943,0.33379965419442026,0
0.9420127681760089,0.38439020032015325,0.4595710556637902,0.3833950935862771,0.15857281176997096,0
0.527767745354009,0.9244296130766534,0.6449353499141739,0.26672182341197437,0.9770628911813525,1
0.14155505412628167,0.3974167245680894,0.1304211361338199,0.6957368275803493,0.8714632135024715,1
0.6150443152608975,0.9695369073978074,0.18878902416665877,0.3806221806357718,0.4486325217914259,1
0.41902657074783045,0.9804105796252548,0.21937428620484833,0.40977513776662233,0.8857720053633338,0
0.5821120032863577,0.4205938379741546,0.12962512354451472,0.37012828617406923,0.5711839681163338,0
0.5910819706004107,0.9685548454131775,0.7412094286643363,0.14768889471317503,0.956475291721731,1
0.9768859172961777,0.0516129695739973,0.3361034352351816,0.9500392932409644,0.7857113041247669,1
0.7055262281370911,0.4817481070755095,0.3196726187210711,0.8019373402516619,0.0014621396437247691,1
0.1513285181330254,0.45981788668439827,0.6032842217400652,0.043578976559567884,0.6185355879374406,1
0.1669711524951456,0.6326999880753742,0.9356475046537607,0.4007355709540008,0.4240015086117971,1
0.6803583336991865,0.05314735802784565,0.15161063831099408,0.19744127871864692,0.16727207809763123,0
0.1518458753584615,0.25697739424684096,0.023697084755889053,0.7419691241620201,0.5492398409249106,0
0.21961453212496562,0.13084691191775888,0.38238228799718277,0.146377245164936,0.08771251428258564,1
0.9362612265680246,0.4791173554104935,0.16531594789359816,0.16039276550381687,0.3460647382265454,1
0.5129367368262194,0.9942266470030324,0.24959572198674973,0.7610442877465058,0.7488855694804927,1
0.7792528248938093,0.8573101399460626,0.3258746794503411,0.22091539575833807,0.9078942958930438,0
0.531559768770404,0.12537246461145524,0.5882530569329906,0.32787933828431615,0.6963295768421878,0
0.9416580274915041,0.21814780445442272,0.2882676224763485,0.6353822976695523,0.18707125540996872,1
0.7761655393239834,0.5126412439599811,0.1280942308913161,0.21355836993270338,0.937278135232002,1
0.2969957717779168,0.5566392343094428,0.019213679082997204,0.07515713176982497,0.565094830254499,1
0.5728462430335799,0.48506231632764507,0.9112493557880187,0.421242588638722,0.6938233544826848,0
0.18930972014980907,0.1290922709972806,0.6901421490223772,0.08149136815468971,0.55053841229128,1
0.9821263585641021,0.9281145347588232,0.7121117673435052,0.9605965000139417,0.6248674186493254,0
0.22229830981691157,0.6327960847685217,0.14088554135949571,0.21697408862716794,0.8086149936604274,1
0.5837819553327586,0.8591386007026185,0.7302761831319461,0.4121353290661358,0.8085567259684007,0
0.6594668706916297,0.37478750844601616,0.014260573195371329,0.9063878580111486,0.9527235936848872,0
0.005054957352137457,0.8585051645195226,0.8979856660584326,0.912147663728333,0.6110617757457731,1
0.9285849070321632,0.5522396130864629,0.6481943908760133,0.4897703973407779,0.8036209906473298,0
0.5904016451363924,0.5429405456439438,0.7275452359088727,0.3159123007650749,0.30198176320038295,1
0.09974618670011104,0.7022099887679736,0.685482015169734,0.4015789189786798,0.4880104799510505,0
0.8552924648662198,0.10593741738361728,0.17562380900639007,0.562868330251054,0.7973171313220729,1
0.5695094902592684,0.24778804311551084,0.46098569116540833,0.4995628638672368,0.25940377172746787,1
0.5848268316888622,0.9177277016069445,0.1862259867500995,0.7706284123913435,0.4245261317289699,0
0.11594359444127889,0.6779984488681451,0.15889549440700879,0.4092561747718204,0.1570478880285734,1
0.8824074770316186,0.032823269471972116,0.8504445456089056,0.5375293786977259,0.2803953220514315,0
0.631802429820933,0.7565986402599425,0.09485419154643115,0.35595055422599975,0.5150460690734897,1
0.4328794335222662,0.860034918137261,0.23875303259186198,0.9876623111229343,0.6491328821095717,1
0.17364687080278474,0.90758968113558,0.531519631980621,0.8784566147996413,0.867868930011691,0
0.9684511354647142,0.06621395766658444,0.23580482243965284,0.06867070701069777,0.6687088837917413,1
0.9514495087227042,0.5014337957526983,0.5726761733914537,0.62878851106652,0.7474700105014249,0
0.6356388055334813,0.7223969655231312,0.26859761556970463,0.7865937773818269,0.49447614658022454,0
0.40372519411329166,0.7975656001319471,0.17191785110195956,0.029229393382313784,0.9695546376513972,1
0.174855955220924,0.26865943875965836,0.9591270374461632,0.8971397799781956,0.7312586397409897,1
0.015748521332945353,0.7488659310815499,0.14163018903552738,0.26776995084472643,0.33813741446434753,1
0.9282482831732903,0.8344109361354995,0.956819292778383,0.08087680676138287,0.46796579273501326,0
0.5774424010422956,0.20965694504203647,0.39526137990485044,0.10764257266510324,0.28368570734116116,0
0.4202517594459927,0.20841665645366714,0.7868644222470318,0.8682602816233942,0.6456541108327459,1
0.12951132991370373,0.06547868288931558,0.0584107712456875,0.8003185512993661,0.13512654738647256,1
0.7461025872177293,0.6554607488362473,0.8689050663065945,0.4067278517395675,0.013065300259815449,1
0.8625732140985526,0.2606744979671971,0.27589822212705584,0.14079444572868394,0.2837162886057266,0
0.5171338492686846,0.39923008943169114,0.37665563653322187,0.1761982147312473,0.8003921037699928,0
0.8417144849337089,0.7886811867940996,0.213509390506063,0.40818006928106265,0.5770361173101954,1
0.8978102180760467,0.6730235159434844,0.3563085067507342,0.8352545950712074,0.7656938078214256,1
0.8808138456233782,0.7665912449015884,0.4940755314110751,0.030934666100616903,0.3442169913615807,0
0.1486635982388479,0.59664120478906,0.9586426159735097,0.664577574013332,0.6402998647541779,1
0.17642788348003413,0.9212388242101971,0.004127531183669375,0.5790708890597415,0.2974597549751776,0
0.3138612865846159,0.5440258853326796,0.14517703975067642,0.7722827965319397,0.7114331853354422,0
0.9919845446926854,0.23179311273256875,0.8583162233202012,0.2262836433163954,0.5823052742124909,1
0.41700682964297586,0.6577089649133471,0.31410786780702604,0.00891425490857567,0.6707805167126673,0
0.6200272372543975,0.8675349423675582,0.48965950875796826,0.28775572534600313,0.3939494832311883,0
0.6941512159266734,0.20382273596370715,0.8132988281706353,0.11923151304749247,0.3687068993452025,1
0.9106227816631555,0.6271588285975419,0.3703749817939992,0.0696466892457358,0.0547930459036724,1
0.015006430281577887,0.9231406977119477,0.8958577016262259,0.44922077297951024,0.7584824970551914,0
0.23367703775317594,0.6930379973143475,0.24808162159125613,0.9610657557095257,0.8602104671947545,1
0.3141069350758271,0.9565803283012784,0.8420066631186246,0.7456783352797055,0.05392333019860618,1
0.47769388086541253,0.31016212785389685,0.5945442876736774,0.6683711726964084,0.7613692942812356,1
0.9273454468344504,0.9431687510346392,0.787754833422318,0.8155234669999075,0.20013524336525712,0
0.7539341097361124,0.06434983165707009,0.938698026263762,0.5536906951824696,0.17242014434261188,0
0.34065987881392645,0.04243397564926721,0.8071862880026573,0.5441695201067225,0.21666017383620662,1
0.6032542101357822,0.3944491258579579,0.5299383269714975,0.2425645943721172,0.2527427548017189,0
0.923610846674837,0.5988639096194751,0.9929629900795305,0.044562450561171585,0.7370843675233808,1
0.17068849465116076,0.1395565733050379,0.9288980251959167,0.7763002595706553,0.5092018648125376,0
0.966415027864139,0.37155495041924047,0.03765801120701584,0.786927246432879,0.40052945935257434,1
0.8290354302477168,0.7473114741912714,0.9938480986756674,0.9623561520232032,0.3236386337297593,0
0.028028187015142758,0.3406663802030585,0.7113578595510597,0.5744752390383977,0.7647570077668232,0
0.2643027332743586,0.7244655945663772,0.1892176128647326,0.3408457518735969,0.37699527964393464,1
0.8027343862033048,0.6725308064421479,0.6403469401491855,0.5702114347293554,0.7417966747748705,0
0.26632134356878656,0.22645894588188586,0.813065993899785,0.5224489200749918,0.45807972542196285,1
0.036451698743859784,0.7428017562996819,0.820528908679265,0.2622620509687631,0.2876761390353395,1
0.8087580200338613,0.9551617353080507,0.27141455102396195,0.1921741169905391,0.36672358091848056,0
0.5851064987864645,0.8135637951594058,0.2596894373381119,0.5139488869219346,0.5080331064782739,0
0.18368340782886217,0.7132735616800587,0.3786600179806573,0.07386016734654477,0.4411570022173179,0
0.07853311863069545,0.23042411709356414,0.6600203750723078,0.9158230538943818,0.17448183109702609,0
0.025456248619714517,0.10469833693938724,0.8204524113269347,0.40459201518335386,0.9423940139621046,0
0.7379459822935992,0.39514854277299116,0.1284644921528053,0.20508914280861945,0.8236108575492508,0
0.09569099682977078,0.030068800876200008,0.5907348614958088,0.4332465646456536,0.8430351388346071,1
0.9616407451753257,0.5541844592863671,0.25479869951128997,0.05846823785138211,0.15550226030871273,0
0.5650283379889159,0.9386107351453404,0.788433949081721,0.2389878055749376,0.15076070143613496,0
0.6853031732078404,0.7953344762033618,0.9071677447789768,0.9178727113042379,0.3995292573470378,0
0.7555849061678663,0.07622175300856693,0.7045190601094411,0.8401344254952791,0.6886071664717976,0
0.8346715779896431,0.7838870067820334,0.949556991808035,0.9133529935865158,0.28413208102369614,0
0.7113525138597255,0.8569738362636229,0.17728980065398703,0.9593869791536014,0.23829114696283893,1
0.8776663709143181,0.9797911714064621,0.7644982003791789,0.9744072134293831,0.6839813858292216,0
0.7216137210413476,0.0783754571745432,0.2977988609734168,0.7421619798755907,0.6060767424114363,1
0.30158260095888256,0.7799915866462113,0.8503520447383798,0.7826043167224686,0.3323114272021478,0
0.19490345398496034,0.0507654296092972,0.6956701610131527,0.2644029977857222,0.06315890523932377,1
0.27986169827422824,0.84371931346237,0.5897746414244975,0.7738078208168236,0.07312368876185227,1
0.6627275293441202,0.14411906583990308,0.32837562169536083,0.00012511478654309016,0.6835955969722832,0
0.36463358194999573,0.1378169511444769,0.4833513077874638,0.6035411282052325,0.42882092886844647,0
0.9155531518416207,0.12904469247195083,0.09701246225182703,0.46855976587392956,0.03415556526912167,0
0.6492563372866011,0.15277228871946302,0.4960878728991932,0.047698152260782556,0.8935924895696178,0
0.007428290410048444,0.45899500432258145,0.23155742079501518,0.34179654710850926,0.10344981030624634,0
0.2528150321331346,0.28120388286783515,0.3575720891299533,0.5874302252052904,0.8731292140823745,0
0.8729042536703847,0.13040249964260842,0.9680750420532603,0.08555726096144178,0.09417291095699398,1
0.16168846609697007,0.3172398031609174,0.4662771420827444,0.0638451263162998,0.06929561728421452,1
0.7675729856612142,0.6575406063023895,0.861282528376696,0.3725873944078155,0.08038766627218397,1
0.43059880141507323,0.6150997801097783,0.692727996381903,0.5278642418244265,0.7143702959734474,0
0.2388056511288983,0.557651511747699,0.12396473905345196,0.9471627466688229,0.02496033445314938,0
0.045175093883425665,0.8790979994161038,0.5815679483092194,0.5555562202628366,0.8911378668870436,0
0.31552878342221014,0.2032477832398495,0.38028168836880183,0.6735739561969485,0.6306159123799056,1
0.8461410677708131,0.5888698351843024,0.7132774355246821,0.549170710704676,0.8547458037241757,0
0.5805539304772532,0.3627394803175529,0.2805478356783976,0.25980934665235134,0.6315892339891235,0
0.36084454656190235,0.11302025619816558,0.5279312061209588,0.3658104189988235,0.19811395864253234,1
0.9664952711969879,0.8465521162153398,0.6481279922433669,0.8735424409176675,0.27431793711285213,0
0.26575703214152846,0.15694643612177928,0.7684782789909121,0.5573846135568772,0.0025317181676255407,1
0.30251662450212835,0.8754553972690432,0.5767901683274912,0.04750495471562599,0.46816898778135796,1
0.7154908480337238,0.6027498292809277,0.79910244582387,0.6719515713107015,0.4660962684096347,1
0.11514822860859364,0.27818390343368804,0.6298894687552495,0.3573047876135107,0.3779834240268407,1
0.09661904125735021,0.004110292450802411,0.19334571454398575,0.29522885394836984,0.44659071109312454,0
0.15095102475890043,0.8122177243393843,0.4803697668997984,0.299087887673974,0.778594092684407,0
0.4218531849874779,0.06122938653709198,0.7848078009284725,0.8789919410212718,0.16915692109830427,0
0.22058499892231287,0.6606121377338826,0.882805874210539,0.12497526466491682,0.008495694949101407,0
0.8071957677747114,0.6626642071696199,0.11844206030241256,0.9865406187872718,0.2031546190529886,1
0.5329223897241951,0.6795570615869212,0.9823988191305093,0.8336170797646926,0.2723786533857574,0
0.09354536949531611,0.738187277564927,0.9474426699599342,0.20811446831061076,0.18433571361461798,0
0.5384811485047196,0.9850018112620355,0.34723397203357254,0.7369172911561472,0.5133436189694153,1
0.8775503617828315,0.25385502534871074,0.5553899510521357,0.045545384632256436,0.44867176191749747,0
0.06833086514337294,0.9297455626241772,0.2735104920602568,0.06488151492716565,0.7724129243884917,0
0.5338225723356644,0.1989144570792435,0.6071397865052902,0.13912339489746284,0.08970374644564882,1
0.8480711935913251,0.3276960746905677,0.019423222004415153,0.45963287285922694,0.09533828245674669,0
0.14482248312715107,0.5961391829696961,0.9622215247993575,0.17565260593834975,0.04315149878953117,1
0.5557621944831805,0.9409610583118513,0.38157106120078577,0.23104686203562597,0.824911438145958,1
0.8365362786745147,0.6019192252000541,0.13341824573659933,0.14872945173233,0.38378643609579444,0
0.06974755566633584,0.24468169718682264,0.290500241650388,0.8798050982666642,0.29642421680542097,0
0.5376514009912132,0.41660650471286054,0.9651888289728342,0.13309738684353611,0.486052074463052,0
0.5422933859016192,0.38667808185019514,0.4211309598064432,0.5923244212625377,0.03958916631585396,0
0.025050824466359423,0.9022428139459876,0.5382237184567614,0.9700058637760332,0.02685575564504805,1
0.39407972375442957,0.04780214558611551,0.04003639921838276,0.3304525882126448,0.9202406669825993,0
0.47715221596533186,0.794152338308792,0.6043448764788921,0.12870933997007084,0.12164265796940799,1
0.9244337893976794,0.42871493696583096,0.8107698666513694,0.6609967760825542,0.4620237657407129,1
0.2942282865848642,0.7904334842235051,0.6477812554257324,0.7226387052911806,0.564208614466562,0
0.9585936686422148,0.2501200993325935,0.15526426819029304,0.028868876722032866,0.01669160018587823,1
0.010103110086455036,0.9910563376128765,0.8530219386283622,0.14900591270469643,0.6719409785510921,0
0.7887526941733151,0.2829628946933679,0.5268488796881292,0.16481837392487553,0.08655553690079032,1
0.4064038753336362,0.17342306957413556,0.8677395880503109,0.5928250088189525,0.48634127405027106,0
0.49852190413747277,0.7138436100288382,0.9749019281754088,0.9363488396795173,0.5018116051721716,0
0.40745793398064,0.6256296250164708,0.040005795218588824,0.8672865478725892,0.5722699140167316,1
0.28693039569898426,0.03860100580671644,0.1540934962558116,0.9649640328788477,0.9318969118729004,0
0.8618677330621808,0.004110370173412647,0.7907964569617755,0.4086413088322206,0.4962394142065706,1
0.2812480606597426,0.5764372949078065,0.996156747230971,0.7085188895740214,0.07846812368377121,1
0.30666877948627336,0.48805259868206363,0.1179571466857755,0.24398369263907016,0.905790581039121,1
0.8970235351506732,0.18397064101599003,0.3321459930646554,0.8038903855545172,0.4248369122641332,0
0.4347533110101246,0.8619057883888718,0.27080263823598716,0.015878767505124625,0.15478806790232125,1
0.5068710604749868,0.19350379622968328,0.12445667545866979,0.5340572383307738,0.2543733892096466,1
0.7551735091432497,0.20302738433659728,0.9234553211534109,0.20816804672635258,0.06072282552669195,0
0.45813041705697455,0.0008266798008319531,0.6950112791636234,0.6595335410273274,0.192419053773196,0
0.272789818745098,0.7267165305895537,0.6650463812973546,0.5156328039565096,0.46262635804346486,1
0.6788308709567431,0.7981831319159034,0.251006539935107,0.7006688750067248,0.3173578158571806,1
0.7600044516405349,0.7701831966428871,0.3792002162316995,0.8202505694731138,0.35343253198972524,1
0.5505196948001189,0.7232010237662372,0.6605415320334701,0.6294050671361705,0.935180588618022,0
0.9409953675200746,0.8902457917361656,0.8119817043791288,0.992921615664092,0.32425501805731194,0
0.9358409397704899,0.522614644466806,0.1458003794280761,0.5035913642338952,0.8270620347371934,1
0.2543391903333292,0.6518754067514124,0.2390973443127673,0.773559274158691,0.862791428690427,0
0.8914837126855609,0.23709534259634002,0.031172107930247384,0.22904259026871987,0.37062405489659,1
0.7376070216830364,0.038369705557426026,0.9893649246629125,0.7560123755571151,0.5627777070235593,0
0.7499241348162883,0.27814964750835813,0.023382563218491192,0.4764343202356405,0.9604334500829165,0
0.09681117672723771,0.6902101322780634,0.21476628316123336,0.17005628667432526,0.7654936828947541,0
0.945638395884344,0.2998686025368098,0.8744523623153584,0.7635506878352372,0.1246262327479909,1
0.8611911375211121,0.5699635519603913,0.7175652735714685,0.37547170563096044,0.16493157581191376,0
0.12685136325012603,0.8580276592293362,0.9157916180605982,0.6968548862717453,0.5237785620995532,1
0.8339113849359545,0.6353388364024924,0.9023974498888729,0.7725849487072342,0.5598726175433357,1
0.9490036358484047,0.6176634141671213,0.14535500284233693,0.7293418430588419,0.08879677646755302,1
0.45341961154661004,0.6769136429069571,0.3510520574235434,0.5534739610407492,0.36533367436665076,1
0.4006495450003177,0.4614784198212607,0.3585033748232399,0.8145343232026162,0.8777999691794092,0
0.7553361221937509,0.2589392706801905,0.8593271328154887,0.8932754694068131,0.1338783522082082,0
0.3860485357774477,0.8495736892055463,0.9398344122146665,0.9255435073673034,0.167546380775206,0
0.9515163438057243,0.5554314061768729,0.21891994162406014,0.9308338637321337,0.49290425435882756,1
0.30732929960074495,0.6447291504946248,0.13976558978042386,0.284183718724886,0.9517981589962023,0
0.3650513010876383,0.8717675567276466,0.7781355242892395,0.33363420778085684,0.020144593596332028,0
0.6664066128845949,0.7691716666028047,0.20951926539545762,0.6505054773744333,0.41202083754422003,1
0.9069474053431579,0.79455438949402,0.016190393783775292,0.5582568373794363,0.681184446878478,1
0.650372537507871,0.951101820836287,0.5532798868540729,0.1910420667081294,0.9998091550204813,0
0.16405589769975493,0.13661847748461464,0.5899830612634029,0.5627757701353163,0.19476311559655357,1
0.441720176618308,0.7101733394903241,0.3391063664615387,0.45924233035161144,0.29720867533839845,1
0.7037266075591757,0.6292131559727381,0.9464739263949306,0.5555126098644163,0.2357879482175752,0
0.7328197006203144,0.7426672476756033,0.6599513473075308,0.9470747250786502,0.5703836472844582,1
0.7875895685861597,0.2155420986135339,0.7145742400357459,0.4625219148910067,0.003082870319072839,0
0.6709591697655302,0.4643359639502386,0.47565415312035497,0.8716855123507553,0.5616304979097093,1
0.548990458115158,0.7909595522098188,0.19024897100455218,0.2835511954817044,0.6200275115934127,1
0.4929274237868564,0.6719941441119466,0.3642686969507358,0.5138637710695858,0.7236839001421537,1
0.4386690092033012,0.12280746818571131,0.31052635889663205,0.7009215242165515,0.47223929852652646,0
0.14219624597351443,0.09828338726926045,0.31139354714610445,0.8198912684049187,0.682918291059046,1
0.09449336798437724,0.883022023604433,0.7606131174497561,0.7379552757467643,0.3923692818738843,1
0.18009022327972335,0.72983495870907,0.9299399621591774,0.6571461147422406,0.5710985277839111,0
0.36652613862199446,0.67557556087508,0.32567435149132473,0.582543636336625,0.48168309589519054,0
0.20154112329747065,0.046572072220815275,0.5619697580577792,0.5406060172269579,0.3097204465749158,0
0.14447671134456153,0.22548267529304944,0.3815561839705578,0.9442707423398747,0.0035973841925126537,1
0.2620027967425922,0.8133566345508403,0.671227283373361,0.8191592353922457,0.5683675613042437,1
0.3538603290992558,0.07319414535728519,0.5956978051547708,0.8126164513891404,0.06416084048389037,0
0.3182670978765588,0.41575517576219356,0.7373582715494059,0.6312771077248848,0.00251185052106373,1
0.5439687291727914,0.6754005192096331,0.26016453655273175,0.07508310451929046,0.03870532036027796,0
0.07757870143269507,0.41686231134497154,0.3408852142992186,0.3875939499863269,0.2992377382764029,1
0.6984645627456959,0.05657541758447182,0.77900285089098,0.18902809235846818,0.9196757865454489,1
0.9863439801049768,0.46367084430790795,0.5881143810382715,0.27794112765069445,0.43870256520316586,1
0.41318596556205156,0.6518083801092635,0.938948657614128,0.23160450280649447,0.25794908682390605,1
0.44244076197032023,0.0008663954239370719,0.17958321336601657,0.6442994964127937,0.12312696412342339,1
0.4863968718042696,0.868482526846982,0.14192280560382065,0.7831518390927371,0.6596233579936928,1
0.4156493102368557,0.8955879581461264,0.6716433201635411,0.4866966005379737,0.21208971434492696,1
0.2898487563146117,0.9278171390152132,0.5304551481331758,0.056808666957521736,0.3095201678642183,1
0.6388391092754289,0.9164989161536792,0.6717457838567163,0.4270413882193922,0.42147247205342764,0
0.6260759708226337,0.3730135591455871,0.7681621185971113,0.8842990263522648,0.8387540467207917,1
0.09462055723566598,0.7447930332916706,0.08021512076949688,0.31011302839430654,0.3660700903550469,1
0.6458301042482695,0.15527509857268884,0.7392122071649011,0.9940390848644111,0.17617767703685538,0
0.9305549672097746,0.06908729660324076,0.8042929583953113,0.02755531674576739,0.2791819419879128,1
0.07587340922727737,0.549183406619917,0.14071639034292704,0.24907867336420098,0.5163413600545097,0
0.09075828997286306,0.573793974381013,0.19411776175751683,0.4892650394821101,0.6869124256267972,0
0.6587603087075039,0.6337031685279204,0.7205088731449832,0.8624466155536757,0.012768799337020242,0
0.7545774331361403,0.8036573971765072,0.18446531624854734,0.4566862480778784,0.6737999294104459,0
0.3755095233695176,0.5221888377434156,0.2404635105024021,0.02750841702407414,0.8599759020797698,0
0.22638062563221006,0.9151318447239933,0.5857222896607502,0.7199080154086128,0.4566859057857612,0
0.31207396491363537,0.2705789899584292,0.9555235568850595,0.8789959602144783,0.34766679012002333,1
0.512451064129516,0.6976240762360055,0.8128942363815255,0.1762901317221235,0.6407200868537158,0
0.005162997989366813,0.6951260933128777,0.7947923949503475,0.2594981399316524,0.3372511852090453,0
0.9130294911996369,0.8738698738435272,0.007801734863838394,0.8881879782313532,0.7372697051634562,0
0.4120966024966357,0.4602487826433803,0.833688065167639,0.12873415201239757,0.4796792181570847,1
0.11868785100897039,0.7874906165624774,0.22456837994398338,0.1342185965980347,0.5377733846073628,0
0.786990410186479,0.9919236731497374,0.062131087765527004,0.8117624466142442,0.9186611928736124,0
0.42071559745314424,0.4711069509974325,0.9895781941932081,0.9707900032805898,0.9985753330349316,0
0.394161676293904,0.8313652423888239,0.9603480547223432,0.7828618450429773,0.5102611377953986,1
0.9310108702682912,0.9523641992763494,0.0035225765503096307,0.014149271960679832,0.8173554716620917,0
0.2874867034219061,0.6199769239634029,0.4619979063152614,0.8783149962400373,0.0865393803929363,1
0.7091257104024499,0.16637153581558561,0.6522232578253248,0.04608639356397437,0.03552238180180389,1
0.04330064536236711,0.1547639598791346,0.10115693329176723,0.5068085751328255,0.9783233231044514,0
0.03478676493166888,0.6666259181694532,0.29443255623417075,0.9155007504400159,0.6716668065755299,1
0.9810823530215274,0.5814934343746206,0.8007943594232383,0.9260100057963918,0.3452900209834163,0
0.6497928685186655,0.24277070448724636,0.08959170173019415,0.3312853870725593,0.9832355794628476,1
0.41236497007163253,0.7188638528126012,0.6123834527682749,0.7542257043716188,0.5039284690859149,0
0.19500018931794982,0.03409802520477678,0.7118945225793948,0.03279582311874518,0.16463930287421513,1
0.13773631329431602,0.6320991344138552,0.628924787655413,0.4818903384500882,0.6690520630617622,0
0.9325043582271075,0.165131559433626,0.29765830325628917,0.7588306923953922,0.6161183278964009,0
0.20180522158661385,0.8527295380815813,0.990089364996666,0.17624921115376468,0.5308787212596081,1
0.311697361004736,0.9025250374437994,0.21827573706180758,0.15910251591510283,0.1291186408764896,1
0.5486248985379082,0.09241248370449728,0.33303754704450805,0.4219520624691674,0.37011697146400824,1
0.3975805984655769,0.5989809957625272,0.8845765211500567,0.3583182987935376,0.12996967349859667,0
0.47562356988180154,0.2686697933167117,0.8391934699825527,0.4665080297554497,0.18973307581757914,1
0.17732720222018228,0.45925057053534624,0.1920138852859966,0.46605915232648,0.591417341732235,0
0.07622932520097714,0.741855262557695,0.8117440470068722,0.047122132688353524,0.022278367131788546,1
0.05338672492383445,0.4501454599603336,0.781294123103693,0.19489295670031603,0.8566008658749534,0
0.9021500305916109,0.5456340157215238,0.22623906437265573,0.2147637784351537,0.8023766561466243,1
0.34264063365656094,0.2276567995733949,0.9653790713475305,0.7364240929917025,0.12304071005356632,1
0.3673315465068754,0.41426104711434064,0.8611017850331385,0.6939387281228008,0.018100897325943888,1
0.4436605361551378,0.8885595472132085,0.13685382934454549,0.41197922009844323,0.33756199508934714,1
0.5122954677873207,0.296725593410441,0.7001861721645144,0.16886697378015514,0.6278818788308037,1
0.3558582943058094,0.5185476353015241,0.9100037746550794,0.14399892771524947,0.6805055742808369,1
0.1957392983142523,0.1797861142367213,0.8955860824092423,0.8068383327037102,0.17220748462605617,0
0.4698998054963196,0.6166273455227879,0.6049677494748599,0.8388893843660532,0.8901272896062647,1
0.10410130431508346,0.6945751752304319,0.08502205911417715,0.440855470624826,0.05857421432077459,1
0.967335230959593,0.9366793820029397,0.14406980515237133,0.690635875444309,0.399779463397959,0
0.6270342650797253,0.48704266710731836,0.5979809382918572,0.4443522658270058,0.9155177061253869,0
0.10570751242883358,0.41345720339188574,0.9626713064917739,0.7623125819177523,0.9666801546818431,0
0.393215335360694,0.06238043062075749,0.0592349611281483,0.27361970084662257,0.6350021697744833,1
0.6327372890027083,0.9864078468943196,0.14430824069034232,0.8917291492863118,0.3190892946741474,1
0.7054082400860116,0.6023538607777839,0.45389155669126957,0.3241871771207936,0.4915540174934345,1
0.6451389653175891,0.6036639049179141,0.496366322921,0.6172040941869179,0.004562981730232618,0
0.34462307857907104,0.9482523046157785,0.9712819249671737,0.5903048152630177,0.8702280406901192,0
0.06456642512657018,0.9122752772384721,0.8106171388422382,0.6894278946806749,0.27811772204996843,1
0.6341392329593806,0.44579376135949167,0.27654161324018267,0.17690696539840145,0.5283540573478213,0
0.6168337673198415,0.8096832409548654,0.21194593848706889,0.4578865057050395,0.33221272159892545,0
0.4992956259872743,0.42751642698566406,0.30160709180768697,0.4908235742213589,0.08691463450702275,0
0.47943330407728313,0.2860923590750334,0.7950274385845849,0.09809182452751786,0.5372406493773508,1
0.05105099315592965,0.965440162456956,0.52467010913088,0.15184456450960426,0.8564605607615693,1
0.9017507749982513,0.8773498710603205,0.336568611650084,0.3158727327483549,0.9545306991901582,0
0.40337736607466146,0.7464691061442787,0.32363839019095897,0.8725093173827974,0.8064535618681281,1
0.4403223206260558,0.2302929272119425,0.08478083443649642,0.8473417903427847,0.11727046212260006,0
0.5142468537028556,0.3240716266014779,0.43309466285616016,0.4005504109159028,0.03131132587201668,1
0.6792664754588004,0.4513038211546858,0.7451856463607333,0.9826253285667612,0.26443506691722896,0
0.5008163008687021,0.20963845912481127,0.4438117517019775,0.6680506762692351,0.9699275583717778,1
0.1227003446634688,0.8370228655073846,0.2393353558948439,0.17971839253788713,0.5488216551964676,1
0.19849850939816793,0.5118989400663495,0.12419781914974626,0.37323776318748103,0.9987704481445869,1
0.42294794631853516,0.5572114448967602,0.9046992743316598,0.3877213566483503,0.1469291558326299,0
0.40012091139116146,0.12897004430433567,0.9731031531259311,0.2887155701425457,0.21085340137588382,1
0.0488591841020678,0.2869621132802901,0.31027145138778167,0.9449432485876771,0.4617957545273731,1
0.8788011863002247,0.6322117934155999,0.4380205432227522,0.2356160033732151,0.01898909372820501,1
0.20413749864084074,0.8886580470456459,0.6276511903879989,0.39040298267478046,0.9762808595814327,0
0.8166743368475994,0.729469685053297,0.7257523209508675,0.7604622028977543,0.5952796482305182,1
0.9094643799399087,0.7204469559902786,0.8189535808538106,0.34248916605540114,0.47145579034098073,1
0.6468748476763442,0.06943156981378118,0.373759041063945,0.5330760057139641,0.2151518451319313,0
0.036142656109482085,0.9611530743751313,0.27317719071744506,0.2084167246478964,0.2558083476551357,1
0.18980678763879955,0.5722653123264371,0.4188084505744688,0.4661728351872444,0.8439392467655912,1
0.286315340046297,0.0905059031840948,0.08103177342905155,0.9909357862680261,0.9981358403042744,0
0.23529593800778137,0.7190019947037207,0.6190771633831191,0.6434129528747857,0.2532489628356124,0
0.05127496552509647,0.6467783609793624,0.2637610279106797,0.4284973973620805,0.43180857655835125,0
0.4886420815708249,0.6434397981867214,0.18041097214739477,0.4732891459497378,0.9461784324033041,0
0.3343707854312169,0.5859537919488873,0.14569933026756898,0.765852705956551,0.3020003767117738,0
0.5771586312587778,0.19824468104492954,0.21754095392930528,0.022445262315870074,0.7522884265175251,0
0.2500853720913385,0.45809614105698215,0.0252589414800497,0.008325756794761108,0.17375662598428598,1
0.2538510986092156,0.28878116928325304,0.09063713718743127,0.8755221024742699,0.04011695163169815,0
0.42114706241599664,0.8036930459116025,0.239999436054934,0.578977636568294,0.9764461656722766,1
0.18909812489627464,0.7324722546367217,0.5470996298602709,0.7290672876572478,0.21590532721663902,1
0.6365406088196934,0.036827218588119104,0.7904878876817077,0.4034911222318447,0.2390351983064306,1
0.8607077955178429,0.3005068993468437,0.00012248799404479538,0.6084996017824802,0.9784436508306944,1
0.8038098723491324,0.3912143200456929,0.6169850428364012,0.670402387620466,0.14936712470874647,0
0.17576742432515735,0.3984982362931979,0.4003178110910659,0.958746689628553,0.38832175023441984,1
0.42416848575602684,0.8772751886432263,0.5419770034406716,0.8974816836843527,0.9445734149423285,0
0.9980757321426796,0.9253522309656899,0.40431510725585307,0.832783525433184,0.9012012401862414,0
0.040893700016151224,0.24078151267593995,0.9249074273453334,0.07556956160717487,0.3441127690893935,0
0.058384744062987215,0.46529607432718967,0.5112956814900425,0.33898880191137937,0.5133863601092901,0
0.9294872240128459,0.519659170099711,0.002529044284070414,0.2233480057529289,0.7249550056297829,0
0.2723470514662488,0.8071771587450487,0.07863693986161002,0.7873877835762332,0.0003101976181932864,1
0.25002510042485215,0.17219672635731875,0.21215858360310358,0.9898368861750988,0.002662917077693505,1
0.7126094840670355,0.41921475713442,0.5571120171040944,0.6569370863546503,0.2904478234070056,1
0.015300677672258955,0.23376936988783314,0.09932052610090858,0.41968100042625867,0.5076206964290331,1
0.4206781006546255,0.6378983476239513,0.7699180132095873,0.30380992623092606,0.07386824664079672,1
0.29043245501436576,0.48485730551881134,0.8611814980804376,0.5805249370675041,0.6798290676432763,1
0.16915343894567325,0.039373596360325225,0.9524967770570951,0.4801847244106111,0.3318225335847559,1
0.45558763738215646,0.8041060372385105,0.4272583375640773,0.14052749617361604,0.6503223092434671,0
0.34271333430259165,0.10401681524923734,0.7386019881713107,0.15734141687846714,0.7373969374886853,1
0.36634371933970655,0.4260725608311936,0.8706524553389491,0.8900918038965377,0.4691451836630649,1
0.19966228932839225,0.5513896419807155,0.005322252597374844,0.4468043363818419,0.058491857161452,1
0.900160699959527,0.4834000990532691,0.01011100701346257,0.9479475327196908,0.10293639741467475,0
0.7613569574027436,0.037224992738086216,0.08824819477756063,0.2630409988119856,0.8916842909168795,0
0.05501601777497733,0.27444328661663775,0.8255207980711795,0.5966011940340861,0.980117834969627,0
0.5729482135980462,0.08542394299257616,0.31170545057175514,0.4841338130004952,0.08298331798475322,0
0.9815908029048698,0.18012733118575452,0.7068228307138142,0.7057248216235306,0.6823951161537868,0
0.8927897722495146,0.732417928998647,0.18608332036947084,0.29555115613793437,0.25052250836345025,1
0.8690186683516151,0.92157345892773,0.33009552538106335,0.11765998491484575,0.2828673880575371,0
0.8677519784451554,0.9514010288548272,0.5759630574852665,0.961201567152426,0.03908282172119937,0
0.31313360272593527,0.5138709034106383,0.01875791949896144,0.2483873851820244,0.13267625891492285,0
0.11989118809354138,0.07655176494998084,0.9082146811160658,0.9148703209547656,0.7380336670614516,0
0.4935384909026861,0.10298835232576664,0.25779802390829,0.7573010229570372,0.8230637605650786,1
0.5992196012884954,0.911507523959227,0.24695648932715986,0.1535257278794292,0.4271568356950268,0
0.5125982857511663,0.2861195442663075,0.8419995488664535,0.14432759606286683,0.9634413859548571,1
0.183707403110542,0.08838601100262411,0.4266093481944059,0.811345117302381,0.6773463399474619,1
0.5490652063528817,0.6081287448043067,0.12257168242670502,0.8074127805906103,0.8722204893699226,1
0.6174819315631428,0.7100276342115468,0.015736786524232382,0.8767584338089855,0.06576992135317361,0
0.6672160118908589,0.3911653199575006,0.5841453665121706,0.26726006849031736,0.9304160115759654,1
0.8129357100827771,0.8644851900526839,0.8957680549901864,0.34462570380621504,0.4093335478246706,0
0.274777203207327,0.636889181619715,0.8614530913631256,0.5340428933999471,0.6882394562912846,1
0.8288612844724111,0.7655123165804444,0.8322942950672088,0.2714871643882273,0.2981045468656758,1
0.7605023191900248,0.39760615197899263,0.5216344491373893,0.9227203587075142,0.4092651324803591,0
0.07246501519411108,0.5722879346707884,0.9136642991467839,0.030532728906726758,0.2150269706705813,0
0.8137946882516796,0.7235183713585457,0.4056407123906973,0.10708588973793176,0.12785220823673882,0
0.4195483715242615,0.134404451194996,0.17496610627325193,0.05478545153479153,0.05739218970021587,0
0.26858909766878136,0.36504936970648116,0.0118583059062366,0.3985999840272437,0.24342910842652743,0
0.9594553358596813,0.742780015682238,0.050611951875997985,0.6278113071600585,0.5525360872350538,0
0.2828846324331017,0.648227241798437,0.7163343494451082,0.45731347527463484,0.06823732017276174,0
0.7607208398796658,0.6531947952935551,0.7671531375159711,0.10976574675035466,0.32691490554878266,1
0.4080647652172885,0.4098616494290198,0.20277586353375465,0.3861693456293487,0.28532094503883954,0
0.49876814670870984,0.1371765486950144,0.7567764800931912,0.659458499370664,0.3905910685243297,1
0.1880073595073305,0.27092156758695696,0.5364293052643992,0.6125205701422971,0.28590945691497005,1
0.3109804034357486,0.8007297403121876,0.9275598666352889,0.24371799482389422,0.9624536357816925,0
0.1735608822588619,0.13878620968032218,0.5322706639580304,0.28737838197814003,0.2674403549479375,1
0.21775113933431678,0.6296994373983521,0.7917280399973909,0.14046397809927635,0.12489523282266413,0
0.9710145292563339,0.7013336272236305,0.6792662219192953,0.7883814265518369,0.7522759308253604,1
0.9381921614859918,0.4161189351259851,0.09903696809856455,0.7914320664803081,0.48884787399320984,1
0.22651439329812317,0.09682570965397785,0.036009634364954635,0.6739096379787081,0.9379025029200461,0
0.6523447348448707,0.17652691404729481,0.49797094396417985,0.6368561004316008,0.8093758925894196,0
0.837102207244222,0.3691424581419326,0.20829032186774055,0.6097665165049813,0.33847495450664056,1
0.25621175817373765,0.5917265358290393,0.5937875309287424,0.3448985676848435,0.45479781203228886,0
0.6192123293722698,0.07295365199238135,0.20351034571723792,0.9200431040681064,0.17711958663137084,0
0.2964811387034827,0.07518469682516815,0.07759009522950011,0.3071654204798705,0.7627096689209251,1
0.4046288212473953,0.4017157117711283,0.48101480625616233,0.8676347933326211,0.3715477047861816,0
0.9325876250163261,0.8525863810767269,0.24245217732462265,0.44715774461741375,0.805642669954448,1
0.7279947380297365,0.24339617205997377,0.24657357833912963,0.8877408359333774,0.42328025335568575,1
0.45336166353727336,0.44058055223311077,0.1611897694909178,0.5304698534420884,0.4475270099314981,0
0.2766965912271344,0.6138276120291214,0.12398191812049042,0.5082271672214012,0.9247046109624009,0
0.19292961676673437,0.7757764399726927,0.4892953533147646,0.956656629512085,0.7305809760935816,0
0.6766232552000251,0.09466546271810372,0.27002677153711696,0.9513671192577642,0.3107381817510153,0
0.5071601401170631,0.8469147583770659,0.7701018289236109,0.5082048317825044,0.7163046429504254,1
0.5118938547608343,0.1281856033720966,0.7136478008297628,0.523413163191069,0.45902869001534996,0
0.2815607510637508,0.5352728309434823,0.046691295225932405,0.7684293069590065,0.5691988045984143,1
0.4029376685908771,0.9001669335693632,0.5591886051491363,0.9261618219356016,0.42651927630856534,1
0.6660266963416286,0.3700710718755136,0.01618757344639077,0.12376019745415157,0.3021731322949853,0
0.37274101633016044,0.12108131404213918,0.47885229002370944,0.8289505785771231,0.026116188206689372,1
0.0047080815457430925,0.3271635457363147,0.4679591900699531,0.4856330472135093,0.7634189071668122,0
0.6178039905079602,0.02804322222842781,0.2934917654347172,0.9772182446505195,0.9943205493189536,0
0.3038184721091478,0.1506787939970181,0.0793540691421083,0.9620472666093849,0.7400640553353796,0
0.9572462934935391,0.0013544611082905167,0.4865927966033545,0.8131746392224064,0.5950031186410685,0
0.09068928057738856,0.00442372223307641,0.7249442065926813,0.6972915736571809,0.9065165628150079,0
0.35176436352423945,0.11590654634953235,0.46274722756493725,0.6837740959676158,0.9101476732704944,0
0.38503001579961293,0.8569485522072343,0.01424029113908365,0.6422012158553215,0.7873097854667993,0
0.38721671723674267,0.03405200637604999,0.6035215946569485,0.17514599236667605,0.9823391181433491,0
0.2132204732583146,0.8514414349122309,0.7253580403516762,0.43847034646800975,0.9251113029803926,1
0.4053175989204688,0.961660938680852,0.2149461792286459,0.6448320017644459,0.13970754044953704,0
0.2527887979250937,0.33795833763682825,0.04180119938608362,0.7423978350759757,0.9695167677333886,0
0.7893822259245907,0.4694403514785016,0.993798845221923,0.3954410504225273,0.5404609969549279,1
0.17848470611164235,0.7491092920336516,0.10221998589528791,0.34643417537718035,0.0495359260029371,0
0.8498573842019185,0.9278173035979512,0.13388149863001575,0.5475853757878878,0.6230663351762988,0
0.4354745457303718,0.06101237224366651,0.6189594331350294,0.9582192711272686,0.7600890554501316,1
0.1696404693316511,0.9449300833327121,0.1246395115367237,0.7786605005006122,0.5998261089549045,0
0.6522381918277995,0.7777838219335361,0.7418882610748411,0.9133540069267138,0.16576363370972091,0
0.12626151019163412,0.07054388811331336,0.78816674362923,0.5915713358831871,0.442902119248868,0
0.04986587252662045,0.5467536530028749,0.2914937045560041,0.03158336957298469,0.4646452619593222,0
0.7005353460514817,0.6618808404349484,0.17452278438961666,0.8641303173725557,0.5189858719291978,1
0.23559586298772273,0.30540015724760805,0.17381124131682957,0.015005660973128165,0.7829082091724993,0
0.3462698354885153,0.048932103373954816,0.9556078272422948,0.19476571952390653,0.9863708696316356,1
0.9230750215530414,0.33798448004309956,0.42659287257786904,0.8343527345024103,0.7214790339802242,0
0.5825421010002803,0.7265961844797506,0.7277074524508684,0.4079740089565167,0.9275195067936333,0
0.01930180541946036,0.4562869024839159,0.12010245507256445,0.2835934122545113,0.3250813703050687,1
0.15218588793411747,0.5999818357948858,0.23428230842168518,0.9266078837726319,0.1903841054800517,1
0.07656844359151072,0.3317831334794049,0.8366240138026603,0.8101945533610255,0.3426323093252237,0
0.9213478498935641,0.053089921617561875,0.42102692024842947,0.6284710385974766,0.9425044024061383,1
0.475619509009117,0.859975657830091,0.9445341699844361,0.3183817828793545,0.514638449526953,1
0.5270490300956083,0.16638563456860023,0.4334925427506816,0.6020088046280411,0.6017339878117277,0
0.872016698707764,0.8318860410016506,0.3188826299628391,0.5338848759805168,0.11166022443921908,0
0.5626815296743973,0.4071525864664648,0.6140596483614204,0.1253702391370496,0.129871068681913,1
0.5764807876019341,0.3983865866723343,0.9324364330750524,0.06241334332383974,0.8694999776772797,0
0.9628578429287473,0.46930423684701605,0.6052554313021268,0.39998061377665695,0.3938922783450435,1
0.223565493595552,0.0671414647751376,0.8801940122436774,0.01652576024774277,0.12355137890899137,0
0.07988259487660054,0.2746411838258497,0.540331041847744,0.8569980878770378,0.810914811271423,1
0.2780575137041079,0.11572630518632321,0.9649574550666863,0.4640123786372866,0.23475700152015555,0
0.8004957690643429,0.0025850330377483743,0.06883268548912314,0.17534038658968254,0.9596988284028046,1
0.6805693751831661,0.6130696753020136,0.5201724117642631,0.34261700588590127,0.6049649136193717,0
0.730501108471165,0.8781263019678889,0.6371724082656447,0.5478825151858847,0.8428296024107699,1
0.6517171381394095,0.14623170194811486,0.3225590499950518,0.6684378792805611,0.20042934164277149,1
0.7102253758586523,0.33087571286330086,0.7309268453350157,0.8082273544124424,0.8958600860134139,0
0.4933473639613021,0.6014764445885588,0.07255900552539452,0.6330439290690162,0.25059292134152567,0
0.26400519146979706,0.6593914760784492,0.4373473799588543,0.9964880188371608,0.6968374508184848,1
0.18691691217879358,0.2244472207470729,0.9912320715784381,0.20628419899316786,0.11927802375993957,0
0.8549104289373664,0.6194116181780203,0.3653447962688663,0.83853888719103,0.3773165362543136,1
0.6140337895841133,0.4414693789486085,0.6693671133621505,0.7308722039249144,0.3308202579582866,0
0.34919254302543534,0.5709507161730735,0.34825678301460317,0.10445219703910713,0.9672584654688201,1
0.5343293261417033,0.04978745767571435,0.04510804793734702,0.9399612411602777,0.3925143987333862,1
0.6433031449682145,0.7325262648120345,0.5215018613689132,0.9333390336568287,0.5949873478281984,1
0.15397656949246163,0.36676593554295567,0.5540253078264623,0.9899242999695346,0.3876013343718996,0
0.37538410690507085,0.4950784143954293,0.37702191090617065,0.5256563928067579,0.2941575662950121,0
0.1566168429345598,0.1225404527507753,0.5771355885543986,0.08731018448477268,0.23675359640834104,1
0.7241934678781309,0.09978844425804212,0.2017251910702491,0.10165750900144555,0.8496830491107376,1
0.6350135524418071,0.027617884472106446,0.2995039650543079,0.32842565859141704,0.19119648924122135,1
0.6575316018027629,0.9531543564168666,0.4320466828801848,0.3015895705149434,0.3696487877917296,1
0.3543895795303762,0.9729222271277895,0.0645214427305284,0.07167246793183735,0.2682778315348654,0
0.6841960147077636,0.9353107192866819,0.6678238307677986,0.9705027277209509,0.06577420119320143,1
0.8614463576947616,0.8795371194734671,0.5949006324905509,0.6045845405745154,0.2283135015411939,0
0.517020554677337,0.5336927692045063,0.577329885711898,0.7454530436143192,0.5008001116782017,1
0.7926420279639432,0.4794841418057434,0.06118000690005254,0.5378319831871481,0.8764989827930538,0
0.6764554189938418,0.9696031648760589,0.7437818138801829,0.041096693683156826,0.5413198881050673,0
0.38002991535735087,0.8559123189997295,0.22871354796332144,0.05327408803058098,0.8680802407244682,0
0.6376758305191504,0.36617751154258305,0.7567740773382977,0.8332515542604864,0.4597882189587431,1
0.11943476254004526,0.9583058035060288,0.3281356658549267,0.5849259423937427,0.08573977196438487,1
0.0967289133757454,0.8450449983349593,0.3999689835451874,0.6979761049592785,0.5903998675917135,0
0.10188005657942778,0.0952101675155198,0.9364546456854007,0.4181227022004739,0.9625144127326444,1
0.009805765776243702,0.9763332095555216,0.20268027768223318,0.3979494143198442,0.08277453199093887,1
0.47569330907294183,0.5372099229908366,0.9003348205694284,0.6731485585943556,0.6743498211607012,1
0.27110016950078086,0.2988962770089989,0.21274005147061648,0.18165292268858346,0.5779264952443206,1
0.6896520848015939,0.6834421030533433,0.6404384883753055,0.9035551826501186,0.2681358305773919,0
0.5704527644408652,0.1832495883857438,0.1708816278219576,0.49349980054697806,0.5113690011298516,0
0.9176630860461675,0.277723536573491,0.1729783780944586,0.5245837152831575,0.10014925383030093,1
0.8539010019170169,0.9766450942913505,0.6046993709065364,0.2303629259791916,0.5227330856105996,0
0.4855221845964145,0.5719542445442114,0.029075664981555338,0.9146455111487657,0.312255004655285,0
0.8860458642843334,0.17338719922303936,0.16930889976373187,0.9067837749118246,0.9671156336231056,0
0.858413291479608,0.7751254475991995,0.1658960327021728,0.5546779859168339,0.9362033349523144,1
0.43089367301582004,0.4048341245615644,0.5391942730624508,0.2537059646856945,0.24151313635582639,0
0.601848342713375,0.7974824984888155,0.00015215773530974364,0.8122291090175751,0.22696834405620236,1
0.24520525031764784,0.20082038873582475,0.7905431849525855,0.0447594319844451,0.3467305026683164,1
0.602290221395218,0.6561833144342785,0.751442993707374,0.891771216698077,0.025667998285599736,1
0.5065690511071338,0.03325126916480037,0.3447777108782607,0.34879454052817593,0.9503211011760537,1
0.7908507417498296,0.7534076477481589,0.1544679056282029,0.6457798024577351,0.07122116882742724,1
0.9348211474416676,0.1998547161732015,0.6860495088573293,0.44933961949220014,0.5856863177228612,1
0.7187409316784523,0.8713569703263432,0.05473369761883329,0.4950376313906021,0.6904481863702736,0
0.8215911254455049,0.6366461464961545,0.36247029371704576,0.3933729292964844,0.9345097943415325,1
0.8413629588287511,0.7653525329293603,0.47265303537154324,0.4078246058367432,0.9080107925058175,1
0.802160807485987,0.966150024096204,0.2110447167896048,0.43678356376310634,0.49195763971936335,0
0.9877433695917788,0.8989322756146887,0.17372223782006524,0.8667787003185323,0.6620810992824279,1
0.32774978207437333,0.4314619635988455,0.17706529558004347,0.9449751500692665,0.25935742177539733,0
0.014220701627507215,0.019726151033335304,0.06344197451529687,0.9670376364775857,0.6236050181901868,1
0.3122350307904648,0.21509523426074528,0.808159953614274,0.9310705903827695,0.4937023959228918,0
0.5129844159465562,0.5493621192678751,0.8001273582993821,0.37071727871772453,0.13965031006887596,1
0.09172540855572586,0.40624145265880884,0.1802020214097444,0.4808541811023982,0.7877226816495861,1
0.4105486991617593,0.7104883493163722,0.5454107055856428,0.23427349337122738,0.44232087580264334,0
0.16857707974085867,0.750290889088578,0.6644197583030375,0.30722885778549547,0.8148821144666333,0
0.192920363467725,0.6271704716046035,0.18216934191835288,0.8480137092475002,0.8608756824592461,0
0.4500280808145516,0.2979127416683126,0.04666811137021587,0.16321435338322066,0.18918855714526672,0
0.9300660162778615,0.6936406847892335,0.5833105500231409,0.4892562516691332,0.8664456874224303,0
0.3841991874890024,0.5811633172223374,0.08213662909420161,0.4533114039341737,0.5218419826380152,1
0.7403111190604242,0.4849871254113117,0.18112958078558594,0.7254238900682288,0.6445470985139553,1
0.36186308423921054,0.9143485771100169,0.7504572786471272,0.9554135960293789,0.4963251359976275,1
0.06588795407302861,0.25501952087742863,0.512083009235685,0.12321558627386442,0.2558144071175614,0
0.3656579409514553,0.10106804811516013,0.36449523801516115,0.2882064934451486,0.8567506520630969,0
0.21962242295937262,0.023983831867844474,0.771838106437584,0.9010901905288292,0.956371848132313,0
0.772630016111845,0.25042875809855714,0.8524328832182768,0.7025793192488371,0.5307224709106495,0
0.7182561574310251,0.05287290331569483,0.371876063174408,0.015977607725027876,0.9639830764005501,1
0.8640469399080615,0.32908018973859265,0.6750686654920083,0.28794832683853666,0.44960384571600653,0
0.966541335864608,0.45136749136437004,0.45695250514639285,0.10925081449073393,0.20351473832581168,1
0.56304803560899,0.2137894893406037,0.24628409371369386,0.010015473324371693,0.27894054043184546,1
0.6044119453187825,0.7668358345084633,0.392189648646853,0.367655729721834,0.07814074603255672,0
0.16404100205777494,0.8766738835958955,0.09250492718102865,0.9210392993954927,0.18077721479590303,1
0.8670057871471545,0.6264879253636518,0.24398424354953707,0.04897060047856039,0.5254356190017769,0
0.34863677232099655,0.02200477913874055,0.914784113856833,0.9886769486798904,0.48767309780183987,0
0.47142072281293623,0.36550898781463814,0.24676155880864348,0.3893827656051445,0.21442073416700902,0
0.3962045938960298,0.9516540254894366,0.5247318122987747,0.5317061851322942,0.2553004543479771,0
0.728358979012661,0.40289095945262277,0.3473361819632257,0.11460910804170288,0.25995568157101323,1
0.6253843105334937,0.9981322690680626,0.12348943087050845,0.9124278053933701,0.4357023090743175,1
0.33861413833867837,0.9586510214264518,0.5895216166100826,0.4176120170646821,0.08766853185303669,0
0.16257932853777834,0.017563243636299908,0.9601806015192526,0.6004384234587081,0.1387628486540997,0
0.33902701059011164,0.36340186987543044,0.6431293306208269,0.1274192172028915,0.3765637099590011,1
0.04608774732598053,0.20930044678089166,0.027710633614250524,0.07740921572916182,0.4534744326852683,1
0.023943702217060325,0.6033813212052701,0.26136525652549325,0.9699695996456705,0.40322841496379724,0
0.39676484342937157,0.8756601227730602,0.2086227556944099,0.33780749366959895,0.9538357886022195,0
0.3154571117752428,0.44441373328862743,0.8183141741977836,0.9079914664734624,0.9372401767452472,0
0.8403202899035425,0.2047286000547287,0.5883405845759274,0.5810264039447359,0.843856345419498,0
0.8277872481701632,0.7779690253038294,0.8157004209747265,0.8225677695068211,0.23866920374617218,1
0.03485835984634422,0.2581164245028892,0.009246823334791099,0.08455210181505057,0.988276084882517,1
0.8854793498205238,0.7917172520739281,0.14467245797051675,0.2938674695203811,0.7746702452161415,1
0.11198142276219336,0.7548543666217626,0.9191952580617597,0.03749700430950298,0.13599777552105574,0
0.6306957359961102,0.810098111789674,0.7883649407329423,0.13583149205877698,0.7113315936898206,1
0.2767144752677171,0.9069178314499594,0.8056032674372055,0.9355484089493307,0.1325521062722128,1
0.9621929852734906,0.7847783205215351,0.35079566024111775,0.7735275460868609,0.19973064751153757,0
0.5212930258617726,0.3324553826160529,0.19998981256898163,0.09827000670458585,0.02963281730635836,1
0.6500745388367484,0.7556356914082665,0.7218962038662138,0.9857346423950896,0.31800044705360675,1
0.6805516579579758,0.17299318052647472,0.5008411330085197,0.9474086658325584,0.556584231812008,1
0.5818819530193798,0.594073622830032,0.21179235365988736,0.6265642288104087,0.4601801640598776,0
0.9673872168696248,0.12314503911880126,0.4472520268035908,0.7513686014996439,0.36345682465510065,1
0.25590677429118747,0.12696725781049312,0.6550852681723399,0.5245175032560784,0.3285456543768621,1
0.8179511023097787,0.14215729224916063,0.9695903302279903,0.15522086382367073,0.7714918806495349,1
0.4759299003518014,0.366324122898411,0.11239364218300019,0.9984789335993004,0.24407552643813002,1
0.7086177987953706,0.6862982741467363,0.10164922463711745,0.3977728075957524,0.23502188875380592,0
0.7933606016969434,0.937039551285369,0.8104763289736854,0.9346796741979609,0.6214770254362073,0
0.4687290743885424,0.05903434439540112,0.40081953915892976,0.1963665698112923,0.946393208014308,0
0.8452741150694871,0.8979002646292521,0.6986443566309547,0.1720529324625556,0.7909274643949272,1
0.9016937462366681,0.5297688058232846,0.6594154287385772,0.35113665263300353,0.5941062783920175,1
0.6134500694413756,0.26654710274557236,0.8637508471762929,0.551496034500409,0.460236931402208,1
0.5580634134694575,0.8278892030760348,0.8524367550273949,0.4725411453695125,0.685979787596766,0
0.6175185012841534,0.7450006317041439,0.401782347403034,0.20477881334930625,0.08419924530471301,1
0.9641727321279977,0.9483214765898786,0.17908484424745874,0.02082052658014244,0.48846125524923956,0
0.5117030392120062,0.5598239105053913,0.8138826289064154,0.2267285216417656,0.5127820376588493,1
0.8280837564560631,0.7563329687504143,0.8491263153381979,0.2234427618000553,0.7899467941239025,0
0.5737531104023993,0.862382064005397,0.6181757289964928,0.14915553734883813,0.3911773600745653,1
0.2712827394804276,0.44268280477309396,0.9498373685977448,0.8209015189334378,0.3456850409860618,0
0.6347042531144016,0.8673116565749545,0.6824743620006666,0.8244669412027873,0.49092824876659036,0
0.45536950176221935,0.6401544945242467,0.925594747816672,0.17705264372217044,0.8178049394828578,0
0.6174324329263324,0.22169670394371244,0.30772400103704567,0.4080903020603702,0.46219672159116554,0
0.3286900424385616,0.7053803773479822,0.1377344333638778,0.8517035598462882,0.3230417433990974,1
0.21375827482250997,0.24913086431503373,0.4240723973545849,0.20583601324185108,0.8711892815877906,1
0.12320480050650018,0.8184066752901373,0.21559957533284413,0.016722640083721152,0.6706315223539616,0
0.45426209727077227,0.2293636581167281,0.1945256640973131,0.34881650142959086,0.42053904618935134,1
0.7084179899274815,0.565949732192226,0.9322269021464071,0.6010207137357683,0.45878683888335325,1
0.6145659421772113,0.9750981168626739,0.7711384791164669,0.06789858979590113,0.5742856036913002,1
0.30795594553335004,0.22575497574417247,0.10985582933340632,0.3808190226845425,0.9303447627758373,0
0.5752226194426144,0.3851382411144568,0.3273045016695413,0.17075573184034454,0.41066020583663587,0
0.24358634100458576,0.3923652846125666,0.25665267914508805,0.07390851493911832,0.024457933577422986,1
0.8853094943230996,0.6689397935319303,0.1727821187811479,0.16831519992603683,0.6311407675227201,0
0.9477152580034245,0.25934975166709995,0.2565384620805111,0.7493442333166108,0.19421962050934027,1
0.6315133542140294,0.35625149689158886,0.6544939524348257,0.550406129867897,0.8275821406003964,1
0.2875803075917791,0.47532172725568633,0.4314819569036368,0.22061199644996599,0.7492025564727591,0
0.19681974080435205,0.7993883540281951,0.4048910204067744,0.3995824298828454,0.14367031510419093,1
0.7270103150241872,0.6672539357743172,0.21908680045520257,0.477309075086493,0.6162807777154081,0
0.06960943607020675,0.7056630525547007,1.0067726391893572e-05,0.8585148549811943,0.3958018445753332,0
0.11962322162466021,0.15274889092233213,0.8663503231396198,0.959644942475099,0.1734115896487014,1
0.6078954880991092,0.31951399863720076,0.7335354491131345,0.48681394731986716,0.7530499279843968,0
0.04149422147575732,0.5777986425830491,0.30311225407902775,0.9178675381479864,0.048343357580147406,1
0.24231165707590885,0.542152498082314,0.06065710362112997,0.4071943933307677,0.44645713690654987,0
0.5391553424955187,0.5157574608114145,0.6890522982256313,0.49848039500148167,0.49318091936462505,0
0.38419517018705973,0.7459401633989448,0.09205869511673759,0.37008423816431735,0.8032847470847857,0
0.1331248483870695,0.1856832582945227,0.9875037881574649,0.03348603468245692,0.03210366984902546,1
0.8101002284459505,0.05612724248556744,0.9267066289405796,0.9126239579141545,0.3877814611089454,0
0.8666269916920264,0.07048360137208831,0.1444422948081504,0.7931473508272575,0.07519865659691083,0
0.37357864212237113,0.9292030910020115,0.5029766371948917,0.23067585579649286,0.7062439405842289,1
0.6798153232257989,0.522791450475656,0.1666524934462783,0.11504948427056627,0.22287754314161567,1
0.6540435420592151,0.42183830192013194,0.8326588357410463,0.9934876708406092,0.711880962784528,0
0.2030692738745672,0.3984652590561477,0.8764333080793625,0.045168276167811494,0.34151064152532307,1
0.12829085017346364,0.24398005529388833,0.5670817703974204,0.5362790590469195,0.767411961294065,0
0.07829845704932092,0.4264399006950983,0.4315520638693173,0.4634875287289142,0.37439970203955697,1
0.34527470551545913,0.947921229519551,0.11259932612599777,0.8174394769485286,0.375590790688733,1
0.1806292899136983,0.6993586317682132,0.017438481229663183,0.013500086476499251,0.6046816890182548,0
0.23026914248924069,0.2127713079768554,0.019905453450163924,0.47219796986249596,0.2176889608160898,0
0.460564548113205,0.27919717968115876,0.6845328332097455,0.8643757473558238,0.8447373024457244,1
0.07582513558088022,0.8346783501756857,0.09204062552830217,0.01660495281213825,0.29533515514952535,1
0.4167161486044545,0.9681642271108509,0.46934258568870224,0.5999671172663523,0.22861413578570666,1
0.7862488439950457,0.13410808729611012,0.4628466237322306,0.5730382820110859,0.3462231429458561,1
0.39843929752821394,0.3064935785826258,0.4366568044022684,0.9665468478642839,0.8440947193038318,0
0.34701671539831846,0.09815365432920242,0.38904892718250383,0.26420755691278575,0.24561804388779274,0
0.8388157331175085,0.39307032801490893,0.6554141675100608,0.7132621929254416,0.8297212264576042,1
0.2205808464192377,0.9205284793229936,0.27527552347965534,0.3780586881300332,0.6181334263412005,0
0.40258190862066123,0.5227996324163189,0.7204479819127265,0.19941285963910016,0.9036556045125234,1
0.1790560668354909,0.7397182225398117,0.5830665950402246,0.8523646468458674,0.17321059058573307,0
0.2625439319510865,0.109997372143124,0.8193326517122127,0.7855902137632743,0.2619023474030978,0
0.10246889177165297,0.6888048928861052,0.3910213551114089,0.9387532131260109,0.058447807891050085,0
0.11629103228113835,0.5794476110928082,0.3069419840315589,0.08266697136919088,0.6286668129541054,0
0.8767169071148231,0.8017824164451868,0.4704519513624701,0.6062654950654988,0.4048257390567952,0
0.7283730930713433,0.4585252383872852,0.7778951926065849,0.8951074038643985,0.6185774462974218,0
0.2767987224611642,0.41421929737805785,0.5544771551110148,0.471080235770134,0.2871898855465139,0
0.4627537181829817,0.720155028019441,0.4310067718640206,0.5811814795173894,0.9277562741605492,0
0.9554757652908794,0.45445172539246326,0.6688152403281021,0.054981979230367406,0.6688689221415978,1
0.1681296592084971,0.9788685859107008,0.7742043821245715,0.026313852456884668,0.6870397014836452,0
0.12807163608556404,0.855914256677453,0.5725489016651911,0.7922096542875277,0.5897371225670976,0
0.7355228132505796,0.8210574574337904,0.36105023017160864,0.949374686104414,0.54154832577464,0
0.8251582587597645,0.24065832871130843,0.7081121702301948,0.2282692911930302,0.42543076885304054,1
0.9132669655359813,0.6017581282182488,0.9751028966275597,0.9653430760517706,0.27912927971985635,0
0.539992267552406,0.4847549738302017,0.6625050415369304,0.46674136200225413,0.8418253820116818,0
0.8005943628599924,0.431601410209557,0.08959513704865585,0.09386645493505563,0.9933475517348106,1
0.7515570074853654,0.9719215618150364,0.0734888743876645,0.9048241426753568,0.47398960060746076,1
0.8975603368653823,0.7131696511056232,0.11273820527759526,0.194456926664341,0.07647988374954429,1
0.650892152292534,0.32977088787804143,0.7516259567686717,0.44190433328239764,0.14405693571161116,0
0.6185341887667705,0.004607662946841118,0.8871364818829158,0.9748416449025427,0.963637809915447,0
0.4801299205448579,0.7797908607244058,0.27993459758663586,0.8807907824344408,0.29410621186535757,0
0.7600928551162407,0.6734697821380601,0.6030482071734906,0.4755666138150838,0.3817770907636694,1
0.3170230630723422,0.2291696438930052,0.3074386668654907,0.31828923960597255,0.9685130736416661,0
0.8729235301712853,0.627571380916047,0.6391022718406258,0.36300138622260036,0.5361337331371254,0
0.09908215760432071,0.6916064615731675,0.9914110344802023,0.987214512931299,0.07914172035336509,1
0.022849302070593436,0.14199702877580334,0.578158384573543,0.5738671602465206,0.4196115168797053,0
0.08639417318740861,0.09227792387802469,0.5043721201453754,0.2154184915551136,0.4578149508651307,1
0.3757703051534307,0.9373943249055957,0.09917535990160486,0.17253285760081027,0.5866239716220537,0
0.4535712433866794,0.2382691832973418,0.6569538562638008,0.2569547478686377,0.25531777103130415,0
0.7205773098058964,0.17119907170461723,0.1667055525561837,0.37813613739911434,0.03367254135392095,1
0.2933319511989313,0.39405429054869634,0.838314047285497,0.45349384475471166,0.8872023914189039,1
0.09149863247538637,0.6103487307649645,0.16390236483212106,0.8759783356661842,0.7854118315196361,1
0.8913473612571292,0.3774122979484371,0.7964956634627532,0.7822092340379928,0.7582008011925354,1
0.8477992716420224,0.053516755061015275,0.8684344166677058,0.6872715964481351,0.039667606621691665,0
0.8250685619008796,0.7583433189569239,0.7750957419908876,0.38489116920878497,0.032300664123649736,0
0.8263920597382367,0.39843310337238835,0.21019208877744178,0.597495528624899,0.5656320293871018,0
0.49536091738570776,0.5724339974245068,0.7940503930137043,0.06210277499457306,0.4155322692857386,0
0.18503394800389406,0.35506837648309775,0.5114339613027945,0.6669265093702663,0.02264674750819573,1
0.6026971119630405,0.12371726031968966,0.6634347009638736,0.5933431654807098,0.5751572444771749,1
0.1370386860065701,0.7783844287374406,0.9291040519496521,0.5490756254020915,0.7081570196878215,0
0.48736807433752705,0.31472006379714346,0.8170415415776247,0.45355961058498195,0.5768113733764547,1
0.1513998438125892,0.4716222855602996,0.3891920415092963,0.4158061786555022,0.9280722982907239,1
0.1339418255724324,0.47062246944855723,0.4720729112174882,0.19395945942363257,0.535792988465434,0
0.5358383646747089,0.752787361499552,0.6747404936917324,0.7047029591658985,0.8483249461033139,0
0.8934326929784842,0.35491247136199733,0.09822028930474225,0.7271034101415449,0.40977488953956753,1
0.6342664068370701,0.1906423268220645,0.3083048859179456,0.43188630446220555,0.2365157581875732,0
0.07978653263221724,0.43061173288287513,0.4329712690787565,0.7127494234966923,0.13508834849236284,0
0.32488893053933954,0.44274426545275547,0.9244023484184615,0.872350233955186,0.42328484517557685,1
0.9577089428492622,0.32236200236191803,0.18491447002286576,0.7156923366234744,0.9981733017533565,1
0.16042545367619465,0.38284613232638,0.1013430443762866,0.7009890062953444,0.18055478428991134,1
0.3704851848561588,0.31705854107462783,0.8451668194892127,0.690017230719006,0.7322705098417551,1
0.7322420640750964,0.5625258834696415,0.4488035432909614,0.18675276271794172,0.8001226666316691,1
0.42660545818913753,0.9799949154391413,0.8990252391478507,0.6792629185574562,0.894258823316005,0
0.38371229156484654,0.9962617507039454,0.030033842588874538,0.6832224980891309,0.32910306861886207,0
0.6144361509767691,0.6920306782765638,0.48221926591717834,0.8056752449319391,0.3584061825774163,1
0.278572849708445,0.48923880930216024,0.8522118633738931,0.4144286956311276,0.8465574782751768,1
0.8437999831897142,0.5309755427105247,0.9138421624750054,0.47751149565963014,0.030125128234553378,1
0.749966473543,0.2683444124530231,0.4748809729618073,0.004436821169949701,0.47782966216250333,0
0.4679550452388087,0.6206501287891155,0.7751778516300952,0.08469224259735975,0.2872342823226237,1
0.5862188786417286,0.9296708834179747,0.21701054768545047,0.1542782190664601,0.40070862627124837,0
0.1996507563582811,0.31968185437384466,0.2574878545002053,0.45571844914798276,0.2744749088544619,0
0.6926196757413561,0.8675955203735265,0.9304165495496084,0.5309282419029862,0.4151683237325515,1
0.7462666242061072,0.22162433832343287,0.5570777198574101,0.23991382801072114,0.39238110293553774,0
0.8241604184780158,0.15066686083193281,0.12085906516421052,0.6762373261397971,0.3393323732453698,1
0.9519807988213992,0.31928030383129136,0.033102110729615664,0.34916479794233435,0.43891919958933034,1
0.11282546388587078,0.7953984660024352,0.9571505747169621,0.37362428136378756,0.9751424442643358,1
0.6788814315915516,0.22496882276949304,0.44403482545926753,0.49562990884382685,0.48771476504565336,0
0.8622593526404153,0.8642440833331001,0.3404572519231447,0.46948822747839725,0.3539106899466238,0
0.7492999136433609,0.38247049403318867,0.8832414792054154,0.4145127586494518,0.8031550442732346,0
0.9660303873944969,0.5340492032243858,0.980886310963327,0.5942510482950711,0.6079171148417832,1
0.2518827284930115,0.9576886901365468,0.41772031879751637,0.07794488656277421,0.7829961004033147,0
0.6899575015945643,0.6622412375022234,0.895581464468423,0.8264871976564224,0.18230199215365472,1
0.09198976003588966,0.9720138735132478,0.6678140001480907,0.4648563071299001,0.0461631744303469,1
0.8883955970905438,0.904054837187284,0.599754363982284,0.02682775641208901,0.0014920379087121072,0
0.48119271788888984,0.9834505834030639,0.6410087014750855,0.6766226536713245,0.3508273275604664,0
0.13538199406957563,0.955509845289193,0.18104482372249975,0.9011193797645632,0.7882679489881073,1
0.03276056261468929,0.06349909077379856,0.15146372695041022,0.05599918830447603,0.533133323139338,1
0.9842297844660307,0.4347649173937438,0.5242893292619816,0.9298477843287922,0.8868794457957434,1
0.14441752226152338,0.8129659249731276,0.38609836199822356,0.6593330226065108,0.50397325131622,0
0.2782866836607071,0.9627117100931808,0.00979328250202438,0.7762951404805727,0.26659165966332754,0
0.42649138785790586,0.09992647193349091,0.6014267848678163,0.46413355065599204,0.08671433360842495,0
0.8331139296025133,0.6434583577442146,0.022576918041373073,0.7033316781738758,0.11518369234030557,1
0.9658540647792171,0.8855819245088227,0.7731544735738652,0.12333174702511507,0.44965739596366683,0
0.8280092588405834,0.1706021191734477,0.40133568961947397,0.4233511527653291,0.5664753217064686,0
0.13507979964320804,0.43716997870742846,0.9744827178419532,0.9052547971389432,0.5436693317170225,1
0.9652162225472156,0.5373842211086245,0.9940165220305629,0.05553436853006788,0.8743434351383068,0
0.4043184920478633,0.06266454991697512,0.3840861587152473,0.027407297042875367,0.5415222951192504,0
0.9551652860397151,0.021090856190705054,0.9473189333505542,0.8439954516182201,0.6995188167245473,1
0.6382332472252713,0.3146335261626657,0.35196757975103843,0.6865288751561863,0.1272006240665402,1
0.6820784025894009,0.39164046275289044,0.4271347097243702,0.992756916011007,0.7943437941907764,1
0.6105690013777766,0.008609602420196816,0.8988759012008367,0.9126494395094451,0.08557429094754432,0
0.11921845166286538,0.20217423771430987,0.3623763722230039,0.4543652207118132,0.014356526671828296,0
0.17632173577719512,0.1820214966372422,0.9986204666361393,0.8932640116182151,0.5649286165469662,0
0.9152358061165493,0.4605963353285759,0.16048225784812153,0.5835193352247963,0.13069868304070142,0
0.9498285983457738,0.31518500109236414,0.6337048306479484,0.2925384417361865,0.5654340523085601,0
0.03897485056706884,0.8333378249205743,0.28536103695277826,0.005343355826558205,0.06293033745751242,1
0.31728389113579814,0.3295825021279518,0.9906011084708698,0.04761712508315674,0.955978021998093,0
0.4063289165433035,0.5442081128296606,0.24270021247846896,0.5653505123205713,0.5783903566046511,0
0.7723233906104584,0.759085079656082,0.2775324118294141,0.874652939525202,0.1812202478200189,0
0.5908741031715491,0.08537885568902936,0.5647753353676407,0.5810614068593712,0.5899494148049833,0
0.3421622002379008,0.2056210354925505,0.18670786779918047,0.35505699820256365,0.873079807519892,0
0.9376881443897429,0.4407219945976626,0.36360377644424924,0.808087087960994,0.4469799276092885,1
0.25317896967580134,0.5085088559458889,0.383178118389631,0.2454456576045284,0.43921131762590027,1
0.029954228503439095,0.85049617815767,0.8995021955208927,0.2264230020592608,0.291923865806743,1
0.8458795543660423,0.4480832368033705,0.7207763146148013,0.6796086977373372,0.5427814008807497,1
0.29340937070613826,0.9295782570276887,0.3114418057867765,0.5736166342939337,0.7675947907838233,0
0.3333570530512685,0.42855201376865193,0.4217368260917784,0.19593254370414814,0.44048910149158493,0
0.24064063738177954,0.4217840283560387,0.4304992329315891,0.9864947701268152,0.36997584477931666,1
0.4684868590427489,0.9111874936072807,0.4949790025446067,0.5284495844296644,0.8870217051133323,0
0.7580252244497219,0.5792351489932821,0.15307035749424813,0.2500460157464789,0.6026592658802972,0
0.9669190739218124,0.5672326954871921,0.8556298370612504,0.13714442144822991,0.5312740103462962,0
0.5643836531648486,0.37261832660289074,0.6532439812706188,0.6761473639056121,0.22817012867731967,0
0.4138694475961342,0.7020984686977753,0.7058058795546617,0.42618748313897825,0.9480770439357027,0
0.6191003745595528,0.3960931331673676,0.06626558739808408,0.5528427992282913,0.6801695420875724,1
0.4188762770255996,0.3471081951053562,0.08111463939138708,0.9303859623621099,0.6263215230167957,1
0.6264409845637631,0.888250128491995,0.3296421974602953,0.9864760410996911,0.8880247796924634,0
0.7769922994841937,0.002074317256878566,0.8520229373342313,0.48344498446844464,0.8466156804172815,1
0.7472922933848986,0.48162161087768474,0.030452314442771855,0.011045793758497346,0.00036021422111420787,0
0.6232504213063366,0.7239597076744083,0.22336317342260792,0.3777686591632635,0.846092207469478,1
0.04630857088603435,0.9946183884071017,0.26302200551351196,0.8567424389291395,0.7818631373547831,0
0.8560301376561954,0.08216387414466664,0.3234224708632798,0.4918200654902549,0.7973014505137358,1
0.32211401921018923,0.9331313291105762,0.10381074016890968,0.15863447395894403,0.4027527078721931,0
0.4686158885997115,0.34361456876184837,0.47244243052194723,0.3249427876442187,0.6087262989666234,1
0.24472773204146192,0.6335678857510091,0.4268907389440061,0.4886224212640775,0.5722523781904177,1
0.5011869511569181,0.8876054899574418,0.9105121741421499,0.27591014604170083,0.04999332880680385,0
0.8058681713963389,0.4303849972860748,0.7362063333016006,0.150972135270096,0.3509954904870799,1
0.033314970407978484,0.5557216574835375,0.46747346351213803,0.7543895690386394,0.07274518931777485,1
0.05199531771888233,0.8702216744964311,0.2633249328698116,0.19215040087341917,0.20132016197588332,1
0.7903969922226365,0.42142971007390917,0.3025711158203589,0.01812281299512053,0.8158980612092619,1
0.4444013066414988,0.9079990283424879,0.19360227840407107,0.7715773915788161,0.8575177408316008,0
0.8411533947839851,0.6590086534070357,0.6584014479355373,0.6106738131797227,0.1414106670665286,0
0.9216459445444742,0.6951769178992904,0.33903346710502236,0.9365868608310863,0.25935978629167056,0
0.6792347788920582,0.3215577132831101,0.7442200108939606,0.541649007758707,0.07218044897218556,1
0.23056689889318494,0.346875609539835,0.7970066842376357,0.6425683259155891,0.61483653948285,1
0.5038040379926841,0.3200693918507763,0.11924293391603003,0.44562660848704116,0.6891483090473015,0
0.35992886972457927,0.586517442887191,0.9426502978061577,0.4787856301831389,0.17286975253753878,1
0.18282524433651814,0.49680695911096295,0.8939488424288262,0.6126275215913403,0.9678137390253487,0
0.2215639126420308,0.08690218764865676,0.5990952418872547,0.2152674790389375,0.10205492344378275,0
0.32074525056281844,0.6667828834252325,0.9515907473473016,0.626703289703892,0.012676192829839006,0
0.8667931445763225,0.02606537074308557,0.7499774430449619,0.060437280860197506,0.8317744912453714,0
0.5499728962387439,0.6412106369665084,0.7626785245376182,0.05424123103712908,0.13791760719462576,0
0.35421286991143586,0.43870574924396877,0.39016738209738877,0.05305319614966886,0.3106865591979404,1
0.7937052859890514,0.5923704467098457,0.539102110204872,0.2557826556472962,0.5872538055185119,1
0.6777637687577465,0.2381782014398396,0.2894160615557999,0.4357884296861194,0.29620950337364216,0
0.4079724107913416,0.07242876439329715,0.785300823276297,0.3518313649596352,0.06327273117899024,1
0.9518253393033465,0.0014632501815493582,0.4786044804713929,0.6198987713222944,0.17867656898524342,1
0.5944664811698754,0.9773074658194137,0.9087415242510403,0.39635715252001846,0.20060090830902044,1
0.3558421775795533,0.11024485127862182,0.2947162141942049,0.2498127672608259,0.1150944634706288,0
0.6197584067535887,0.9245205700644751,0.8887664401865575,0.7235529286279906,0.7360349224902023,1
0.6458546281049918,0.25863021677402354,0.6738887921921382,0.375889668240023,0.2009168396594383,0
0.22011880600320977,0.6244327532692482,0.9348059174467731,0.742622013742359,0.2799765015491825,0
0.24663197548076088,0.3265847486572553,0.5014731788734813,0.44413804353894326,0.7596331657043852,1
0.17951760983994192,0.5233350012244655,0.35734557828006264,0.7123524251166321,0.9258700171351844,0
0.12039291763785276,0.4105158015084279,0.03356889358753323,0.6770934867253022,0.941290907759653,0
0.12678703137438474,0.9202065172257016,0.4474438167760385,0.2544837777277772,0.2324325702327088,1
0.40758490275320625,0.061322972533408016,0.18368692218438576,0.23148779774027672,0.24282191809956744,0
0.906673076569628,0.3751826554594335,0.4652823542681094,0.7249545737632143,0.7032873466361204,1
0.03409987893145938,0.9598711138060939,0.3970035348209555,0.26400103170537315,0.5398999353321804,1
0.24306099276703186,0.7545989037575438,0.2564636587399425,0.9939360922046556,0.2311393639900745,0
0.31282537738610117,0.9356320138745351,0.24509932955092384,0.3050009985461506,0.3221791178999782,1
0.046153363609384934,0.7495441221299408,0.30826957267413035,0.2597480381218146,0.3980166343435376,0
0.172405006360286,0.3280416149529851,0.06395780188791245,0.668026712834358,0.9822711461568643,0
0.45490438687769863,0.9914471814377931,0.5982413850257029,0.7285259630159159,0.037080485745081715,1
0.42723974030169454,0.49779207093582634,0.8178432008056966,0.5474973689459909,0.752406309477978,1
0.6805901868072526,0.13968013312058414,0.2685412150162677,0.8448306915516481,0.8821008153945286,1
0.39507524522069215,0.39619876134815224,0.25809268459356394,0.8933949418531699,0.2882090478827902,1
0.18757591960941267,0.08524047058330131,0.7501967549789945,0.5827138354111255,0.07518610836701467,0
0.07371813560351625,0.1534549608990048,0.08724003368106292,0.7631080082629771,0.8174194487800478,1
0.35465729070499497,0.8274863010293757,0.8066775368636989,0.5715115741603463,0.7868152545652671,1
0.7525691743821084,0.26275384309613403,0.26695561395887,0.14176893043875816,0.5242408583482405,0
0.9114646059341017,0.2549795426703013,0.721099260669193,0.24713528921347183,0.7128855495345766,0
0.2848054672428174,0.5992019269545986,0.24829584568605723,0.7338895257424598,0.7897814353404793,0
0.30454872064080785,0.034240606671589124,0.22402574048941282,0.6943628514826247,0.13432793498912943,1
0.40584179962074673,0.22416323054984388,0.07220517200775611,0.07441555467608396,0.9845534138565132,0
0.8433870597246319,0.8485134826410112,0.9027265270270166,0.0011427615157795223,0.6970094687739846,0
0.9096514479679307,0.3035514714498868,0.5929419115841128,0.21084125467558845,0.6531228055980428,0
0.7772932168234319,0.4924765855058969,0.9183405959708786,0.99901763553511,0.6582404338415446,0
0.32731930470976056,0.717709478838666,0.7997828783149546,0.7115409736432291,0.059978758214142,1
0.9970704304370591,0.3499108525458432,0.7785883373686481,0.662328420550073,0.832733916444608,1
0.23178264290318618,0.34207762015686705,0.43789061528721507,0.9398924768484229,0.7022805559882288,1
0.1714116350881707,0.461246626903245,0.5638550246609804,0.678086290061079,0.10173376188285865,1
0.5159101332554346,0.7274786249107567,0.7204029940103633,0.14714848420873905,0.8254634292009105,1
0.3241788665793812,0.8592242278293722,0.819142683412424,0.4630525215866811,0.620378788909168,1
0.3110963854767841,0.2546863341478912,0.4641809076045559,0.6525694133837723,0.2775564711296632,0
0.051495152970332914,0.008956932949508722,0.04289588148862955,0.10949219454885728,0.3666693641759541,0
0.3451214607592721,0.5592849755098723,0.3097053723888209,0.41175045498895635,0.0649031176539776,0
0.42089061329831745,0.43867082365928733,0.34041191838023543,0.7640756974418355,0.43133678058544733,0
0.7705867623933964,0.7836592159809321,0.7295888768149768,0.7695902468102568,0.4119451253088906,1
0.9897910710007557,0.6344146002277143,0.34311360115336187,0.9205379378096125,0.8794794516293684,0
0.6778436081152577,0.9592155383819694,0.7734262466852648,0.697481103395031,0.7392615173903886,1
0.9928178143572994,0.6938429898394967,0.11185257557069395,0.012354160144151582,0.2731086551834323,1
0.2838097628150411,0.48881946341946414,0.6303722402462177,0.8962334345292399,0.7068071146849955,0
0.8762856487297711,0.894137002488185,0.2619515964529445,0.8177207878156483,0.3925740458923117,1
0.15318252123237208,0.3453670147635699,0.027704869793031217,0.835117909479816,0.9809285251609285,1
0.7935115609508658,0.06530443287002385,0.20160785118826874,0.8138303301281603,0.2478501376415544,0
0.8967213869241171,0.3927318677980579,0.8007434705122822,0.34674431343031664,0.8912365217173209,0
0.2985029492187137,0.7376375367136855,0.7725977722705917,0.1642299232519241,0.2797166496401179,0
0.3679351777809565,0.5231703662381614,0.4773150141405965,0.5069732233879858,0.3581151396590281,0
0.9693122721263832,0.020266986670311904,0.5098551038757593,0.627318775136468,0.9210332915674833,0
0.3634766937448757,0.6619856585634636,0.5281695462766223,0.7148194865869744,0.1527620488813669,1
0.9637760489519053,0.6286619952521072,0.07868620300690121,0.6480265167415528,0.8772984003961777,1
0.31655182092988043,0.2452157326488824,0.1599593598086363,0.5573253150151395,0.4934887027381859,1
0.722147890596871,0.32805139988081256,0.9131743646304996,0.8588059063089184,0.3341508340137562,0
0.705764726734527,0.8333166641280441,0.7440194948409311,0.6559305207047784,0.1671771524023823,0
0.2815178341882072,0.046412761411829595,0.5591959427958964,0.44336392989659046,0.13232705629645902,0
0.23711472840164005,0.25703489983352157,0.4335075664629793,0.3993836302173669,0.036615943917542526,0
0.9875430975297039,0.8874538935055128,0.8905210572205536,0.7435827644156797,0.8626121663471649,0
0.19124548127145868,0.7880548962160012,0.6107918435180055,0.7504680700294378,0.07201047980291664,1
0.1265438528569094,0.3448321342632261,0.6683364038997424,0.8169647445355325,0.9831918233800897,1
0.8626960657317867,0.08601587475880867,0.30161867814793697,0.20930482519999527,0.26836524294281006,0
0.26075764960813563,0.9618293812553987,0.5315317474929303,0.09685584907026146,0.8585326051603609,0
0.768562467984303,0.306729724145103,0.3903572004849124,0.5297890831602678,0.8936253799117566,1
0.296398672170916,0.6296928127090737,0.6238806556845387,0.12083989061128086,0.9379425493404585,1
0.5459327363680877,0.4540332857348156,0.0069056110435042894,0.7041100995072699,0.28446008227917285,0
0.2133572709825472,0.8761824233767914,0.14670837571971584,0.7735386367886162,0.25565972970721584,0
0.39050098257378896,0.7554914039758511,0.2725235980994667,0.3249482638119686,0.3851277088909024,1
0.47380785752018073,0.37912425961750496,0.6779221993619796,0.503572390262343,0.07651516782885937,1
0.9630410062176871,0.7856099368602696,0.8089755471608963,0.7937795301894915,0.5982439759393717,0
0.020984318939487046,0.3365401117817869,0.26936249229380727,0.2706789853190552,0.7078446630967001,1
0.11246017895171445,0.7596636740472382,0.1446283871273758,0.9448732250669702,0.8139112793189432,0
0.3123962299537786,0.1654256841743561,0.288375901167478,0.9389692178011811,0.016167808462014932,1
0.1048847940216675,0.8305196484336012,0.20670547789160731,0.09726328712916632,0.9823916259646985,0
0.9830658871007866,0.03719646172031843,0.3893009121379063,0.04107470989544593,0.24753149064551083,1
0.8302579268730669,0.923173961065004,0.686902853519701,0.6171685939166406,0.1918329308921951,0
0.9851049609407417,0.08403702371010158,0.7468459076068322,0.3417330235146978,0.8572770130339299,0
0.4842790541579989,0.40955364346400636,0.4022772297424392,0.6519768610103275,0.053130186019011094,0
0.02707884837814656,0.7807298854742261,0.06510329962891448,0.7105371110579904,0.5361706907874301,1
0.36535960455222716,0.5949772804242691,0.31936924712725423,0.26921751507318903,0.0558471187765609,0
0.9880342427425339,0.6332607094931241,0.9190454310111665,0.8192993055408146,0.19401931222803048,1
0.9604210229722626,0.20641131602333462,0.0073121325744238685,0.33496852908902575,0.49958079927070365,1
0.43835846460864136,0.7666288277570606,0.19244304841973325,0.6202083579275847,0.624806681522587,0
0.0766684057245135,0.16292206658906883,0.049054436596316475,0.4445996025399275,0.9042371331224076,0
0.17085824184027865,0.2356027275136282,0.39572414528011746,0.7034158710061794,0.8414979030254619,0
0.9756080253607934,0.4348943684101175,0.966446894647532,0.10139749885006832,0.06423847201989175,1
0.3175599097054683,0.8150140659374927,0.7123224871708838,0.9951437793564708,0.17243508582167832,0
0.6801358742255905,0.45220893449029576,0.5038856027745822,0.37404288742898406,0.2919949775685231,0
0.5571846257358503,0.7881469423862135,0.7720699806509156,0.049782987240495236,0.8963347815015645,1
0.12011866045510511,0.029534336744980627,0.4255973480684708,0.8464963053657185,0.5312062372391964,0
0.6173532766607501,0.7871715011358541,0.4522094861197785,0.03980064861668786,0.35693959883712245,1
0.4353153550147185,0.7020075002677361,0.03217823403927467,0.3286937938599911,0.17029263656568727,1
0.014511679091352092,0.3043999268950115,0.42260445722764095,0.23570151566688802,0.9030455403734027,1
0.6758846019614885,0.7192586252015852,0.26202023399822705,0.03820189433114041,0.7112816404558531,1
0.18279777727284274,0.6153386577741554,0.2794963119375604,0.8650433925005039,0.8537545565705531,0
0.7093534875714218,0.41971474036675605,0.5231942252971159,0.8430318710918075,0.05578804133537918,1
0.7330997785208556,0.5503317951693925,0.10016379041653212,0.3140403202925236,0.17298250093206635,1
0.16565698267616868,0.5393435863869737,0.5673519419199361,0.054155045238701405,0.6532406929692214,1
0.32435878403074325,0.3144916708636758,0.09304695954888187,0.15290764997794348,0.2770768779438666,1
0.30270005609284567,0.9649847754174401,0.8539040322543102,0.2081328658937508,0.8126941782432434,0
0.33821401759171676,0.6483134291891682,0.805171567489668,0.16473720290415894,0.7394641244140415,0
0.8201753873939635,0.05276899218429687,0.8080173062437436,0.16317667329179042,0.7400944218926914,0
0.046939909505848476,0.3758808782443709,0.08219038266739565,0.32385257110905563,0.9266130651616221,1
0.7588115795603745,0.011868830780447537,0.9953440404127575,0.5027246891669067,0.32897565380576754,0
0.9993547341489928,0.6821490384615517,0.2850321894502563,0.9125665438478953,0.5755639493469309,1
0.22875325444662808,0.009901801998511317,0.9969272711389303,0.07912378055518965,0.4680461107818248,1
0.2886142000312164,0.8651409746966962,0.048213972439297814,0.1185846222774436,0.5735622105170693,0
0.3183741767251258,0.3507579209071876,0.8251370967750539,0.6029854667051487,0.06768532407305883,1
0.25280968189993736,0.10533063642081197,0.8700383577133806,0.12522993322999165,0.6885871852864605,0
0.7355433634026779,0.16452370505238956,0.017391380532408962,0.8119596350916162,0.19347993649410922,0
0.3987794392768761,0.7696970009640871,0.669087128293721,0.00771416511349543,0.13008957945551392,1
0.708136975510686,0.8019855454915734,0.21344794376846732,0.7580523771966821,0.01574608030550262,0
0.972858653433164,0.8258119493217244,0.8980204767809775,0.29852533182573204,0.5857587632577795,0
0.11690122518341084,0.1921763809687268,0.6880714908447085,0.14492806008495562,0.3576583137912248,1
0.5762452838658144,0.2613042496429785,0.5344551484248166,0.9488103749422714,0.8938804022751359,0
0.169552199497095,0.5375310970885229,0.7905715287777155,0.7060700504164841,0.16228468744461944,0
0.0023702338768130105,0.3930296778377911,0.0018188265912230106,0.6779252339670669,0.6986884623174457,0
0.36897148784364897,0.6341030139684631,0.6394380703358978,0.7129223999063453,0.9292520497738794,1
0.0258430294023142,0.8893093840031775,0.27841120341351366,0.6130314678012211,0.39752769192258197,0
0.4322021615554624,0.6387770292295762,0.5463890030192923,0.46964767078223424,0.7834445301043327,0
0.19313909709576527,0.8339492823991808,0.6520555878051236,0.1370564973003099,0.5544617636897421,0
0.04915594790649758,0.5637382391475294,0.06158593412054236,0.8111144693103728,0.5394735780162957,0
0.04810998468841721,0.8810674301785261,0.17502612296330222,0.5536768281813158,0.025959123266614315,1
0.016391858008103943,0.6508550461066147,0.959299309703433,0.4433066773984399,0.6155204061965047,0
0.07153086738993586,0.027044395752329975,0.8992649506991239,0.5210983382127601,0.5061050743998786,0
0.07461079739337373,0.9542688886971132,0.282101966753994,0.3020339792578637,0.4413120364855758,0
0.3002247361235787,0.806813148242547,0.5778256967751646,0.5525110279243836,0.5173898603316762,0
0.6774041739930046,0.9507132921383484,0.6110093809639268,0.5662627649419611,0.6594317016885758,1
0.8772393080251616,0.09323335335888472,0.46950596396684574,0.8702525216442097,0.6012191572758476,1
0.05078859277983827,0.00013020711469402535,0.26803188179509163,0.37095251768710913,0.20156615491837482,0
0.11058835211818019,0.7901283779748216,0.824823988963159,0.8481568059921749,0.7572359450025439,0
0.5637380833754335,0.4834103963718569,0.21981390249418975,0.9907504466876716,0.8610634691143885,1
0.5122437963155714,0.10523275499049167,0.33096658473286367,0.7577389626359664,0.21248225549260902,0
0.7511988069209574,0.7006973110148954,0.8761568269239318,0.9046908305596916,0.5828773018862705,0
0.5621548067376534,0.47819461763877225,0.8947959601751373,0.5160707842103588,0.18142673904682882,1
0.46752383836986766,0.8031624550605126,0.617030681953242,0.15678292169297103,0.8107534868843119,0
0.4997031454145604,0.3788848067596253,0.6683348474511126,0.35712892644190053,0.6065633793595537,1
0.40301742863087087,0.6058772948575405,0.7779845520814826,0.9024793636104148,0.6660767440156967,1
